,Mo_4dz2
-62.504,3.32e-07
-62.494,5.18e-07
-62.484,8.02e-07
-62.474,1.226e-06
-62.464,1.856e-06
-62.454,2.78e-06
-62.444,4.12e-06
-62.434,6.06e-06
-62.424,8.78e-06
-62.414,1.262e-05
-62.404,1.794e-05
-62.394,2.52e-05
-62.384,3.52e-05
-62.374,4.84e-05
-62.364,6.6e-05
-62.354,8.9e-05
-62.344,0.0001186
-62.334,0.0001568
-62.324,0.000204
-62.314,0.000264
-62.304,0.00034
-62.294,0.00043
-62.284,0.000538
-62.274,0.000668
-62.264,0.00082
-62.254,0.000994
-62.244,0.001196
-62.234,0.001422
-62.224,0.001674
-62.214,0.00195
-62.204,0.00224
-62.194,0.00256
-62.184,0.0029
-62.174,0.00324
-62.164,0.00358
-62.154,0.0039
-62.144,0.00424
-62.134,0.00454
-62.124,0.0048
-62.114,0.00504
-62.104,0.00524
-62.094,0.00538
-62.084,0.00546
-62.074,0.0055
-62.064,0.00548
-62.054,0.0054
-62.044,0.00526
-62.034,0.00508
-62.024,0.00486
-62.014,0.00458
-62.004,0.00428
-61.994,0.00396
-61.984,0.00364
-61.974,0.0033
-61.964,0.00296
-61.954,0.00262
-61.944,0.0023
-61.934,0.002
-61.924,0.001722
-61.914,0.001466
-61.904,0.001234
-61.894,0.00103
-61.884,0.000848
-61.874,0.000692
-61.864,0.00056
-61.854,0.000448
-61.844,0.000354
-61.834,0.000276
-61.824,0.000214
-61.814,0.0001644
-61.804,0.0001246
-61.794,9.34e-05
-61.784,6.94e-05
-61.774,5.1e-05
-61.764,3.7e-05
-61.754,2.66e-05
-61.744,1.9e-05
-61.734,1.338e-05
-61.724,9.32e-06
-61.714,6.44e-06
-61.704,4.38e-06
-61.694,2.96e-06
-61.684,1.98e-06
-61.674,1.31e-06
-61.664,8.56e-07
-61.654,5.54e-07
-61.644,3.56e-07
-61.634,2.26e-07
-61.624,1.412e-07
-61.614,8.76e-08
-61.604,5.38e-08
-61.594,3.26e-08
-61.584,1.962e-08
-61.574,1.166e-08
-61.564,6.86e-09
-61.554,4e-09
-61.544,2.3e-09
-61.534,1.312e-09
-61.524,7.4e-10
-61.514,4.12e-10
-61.504,2.28e-10
-61.494,1.244e-10
-61.484,6.72e-11
-61.474,3.6e-11
-61.464,1.902e-11
-61.454,9.96e-12
-61.444,5.16e-12
-61.434,2.64e-12
-61.424,1.338e-12
-61.414,6.72e-13
-61.404,3.34e-13
-61.394,1.586e-13
-61.384,7.72e-14
-61.374,3.16e-14
-61.364,1.506e-14
-61.354,0.0
-61.344,0.0
-61.334,0.0
-61.324,0.0
-61.314,0.0
-61.304,0.0
-61.294,0.0
-61.284,0.0
-61.274,0.0
-61.264,0.0
-61.254,0.0
-61.244,0.0
-61.234,0.0
-61.224,0.0
-61.214,0.0
-61.204,0.0
-61.194,0.0
-61.184,0.0
-61.174,0.0
-61.164,0.0
-61.154,0.0
-61.144,0.0
-61.134,0.0
-61.124,0.0
-61.114,0.0
-61.104,0.0
-61.094,0.0
-61.084,0.0
-61.074,0.0
-61.064,0.0
-61.054,0.0
-61.044,0.0
-61.034,0.0
-61.024,0.0
-61.014,0.0
-61.004,0.0
-60.994,0.0
-60.984,0.0
-60.974,0.0
-60.964,0.0
-60.954,0.0
-60.944,0.0
-60.934,0.0
-60.924,0.0
-60.914,0.0
-60.904,0.0
-60.894,0.0
-60.884,0.0
-60.874,0.0
-60.864,0.0
-60.854,0.0
-60.844,0.0
-60.834,0.0
-60.824,0.0
-60.814,0.0
-60.804,0.0
-60.794,0.0
-60.784,0.0
-60.774,0.0
-60.764,0.0
-60.754,0.0
-60.744,0.0
-60.734,0.0
-60.724,0.0
-60.714,0.0
-60.704,0.0
-60.694,0.0
-60.684,0.0
-60.674,0.0
-60.664,0.0
-60.654,0.0
-60.644,0.0
-60.634,0.0
-60.624,0.0
-60.614,0.0
-60.604,0.0
-60.594,0.0
-60.584,0.0
-60.574,0.0
-60.564,0.0
-60.554,0.0
-60.544,0.0
-60.534,0.0
-60.524,0.0
-60.514,0.0
-60.504,0.0
-60.494,0.0
-60.484,0.0
-60.474,0.0
-60.464,0.0
-60.454,0.0
-60.444,0.0
-60.434,0.0
-60.424,0.0
-60.414,0.0
-60.404,0.0
-60.394,0.0
-60.384,0.0
-60.374,0.0
-60.364,0.0
-60.354,0.0
-60.344,0.0
-60.334,0.0
-60.324,0.0
-60.314,0.0
-60.304,0.0
-60.294,0.0
-60.284,0.0
-60.274,0.0
-60.264,0.0
-60.254,0.0
-60.244,0.0
-60.234,0.0
-60.224,0.0
-60.214,0.0
-60.204,0.0
-60.194,0.0
-60.184,0.0
-60.174,0.0
-60.164,0.0
-60.154,0.0
-60.144,0.0
-60.134,0.0
-60.124,0.0
-60.114,0.0
-60.104,0.0
-60.094,0.0
-60.084,0.0
-60.074,0.0
-60.064,0.0
-60.054,0.0
-60.044,0.0
-60.034,0.0
-60.024,0.0
-60.014,0.0
-60.004,0.0
-59.994,0.0
-59.984,0.0
-59.974,0.0
-59.964,0.0
-59.954,0.0
-59.944,0.0
-59.934,0.0
-59.924,0.0
-59.914,0.0
-59.904,0.0
-59.894,0.0
-59.884,0.0
-59.874,0.0
-59.864,0.0
-59.854,0.0
-59.844,0.0
-59.834,0.0
-59.824,0.0
-59.814,0.0
-59.804,0.0
-59.794,0.0
-59.784,0.0
-59.774,0.0
-59.764,0.0
-59.754,0.0
-59.744,0.0
-59.734,0.0
-59.724,0.0
-59.714,0.0
-59.704,0.0
-59.694,0.0
-59.684,0.0
-59.674,0.0
-59.664,0.0
-59.654,0.0
-59.644,0.0
-59.634,0.0
-59.624,0.0
-59.614,0.0
-59.604,0.0
-59.594,0.0
-59.584,0.0
-59.574,0.0
-59.564,0.0
-59.554,0.0
-59.544,0.0
-59.534,0.0
-59.524,0.0
-59.514,0.0
-59.504,0.0
-59.494,0.0
-59.484,0.0
-59.474,0.0
-59.464,0.0
-59.454,0.0
-59.444,0.0
-59.434,0.0
-59.424,0.0
-59.414,0.0
-59.404,0.0
-59.394,0.0
-59.384,0.0
-59.374,0.0
-59.364,0.0
-59.354,0.0
-59.344,0.0
-59.334,0.0
-59.324,0.0
-59.314,0.0
-59.304,0.0
-59.294,0.0
-59.284,0.0
-59.274,0.0
-59.264,0.0
-59.254,0.0
-59.244,0.0
-59.234,0.0
-59.224,0.0
-59.214,0.0
-59.204,0.0
-59.194,0.0
-59.184,0.0
-59.174,0.0
-59.164,0.0
-59.154,0.0
-59.144,0.0
-59.134,0.0
-59.124,0.0
-59.114,0.0
-59.104,0.0
-59.094,0.0
-59.084,0.0
-59.074,0.0
-59.064,0.0
-59.054,0.0
-59.044,0.0
-59.034,0.0
-59.024,0.0
-59.014,0.0
-59.004,0.0
-58.994,0.0
-58.984,0.0
-58.974,0.0
-58.964,0.0
-58.954,0.0
-58.944,0.0
-58.934,0.0
-58.924,0.0
-58.914,0.0
-58.904,0.0
-58.894,0.0
-58.884,0.0
-58.874,0.0
-58.864,0.0
-58.854,0.0
-58.844,0.0
-58.834,0.0
-58.824,0.0
-58.814,0.0
-58.804,0.0
-58.794,0.0
-58.784,0.0
-58.774,0.0
-58.764,0.0
-58.754,0.0
-58.744,0.0
-58.734,0.0
-58.724,0.0
-58.714,0.0
-58.704,0.0
-58.694,0.0
-58.684,0.0
-58.674,0.0
-58.664,0.0
-58.654,0.0
-58.644,0.0
-58.634,0.0
-58.624,0.0
-58.614,0.0
-58.604,0.0
-58.594,0.0
-58.584,0.0
-58.574,0.0
-58.564,0.0
-58.554,0.0
-58.544,0.0
-58.534,0.0
-58.524,0.0
-58.514,0.0
-58.504,0.0
-58.494,0.0
-58.484,0.0
-58.474,0.0
-58.464,0.0
-58.454,0.0
-58.444,0.0
-58.434,0.0
-58.424,0.0
-58.414,0.0
-58.404,0.0
-58.394,0.0
-58.384,0.0
-58.374,0.0
-58.364,0.0
-58.354,0.0
-58.344,0.0
-58.334,0.0
-58.324,0.0
-58.314,0.0
-58.304,0.0
-58.294,0.0
-58.284,0.0
-58.274,0.0
-58.264,0.0
-58.254,0.0
-58.244,0.0
-58.234,0.0
-58.224,0.0
-58.214,0.0
-58.204,0.0
-58.194,0.0
-58.184,0.0
-58.174,0.0
-58.164,0.0
-58.154,0.0
-58.144,0.0
-58.134,0.0
-58.124,0.0
-58.114,0.0
-58.104,0.0
-58.094,0.0
-58.084,0.0
-58.074,0.0
-58.064,0.0
-58.054,0.0
-58.044,0.0
-58.034,0.0
-58.024,0.0
-58.014,0.0
-58.004,0.0
-57.994,0.0
-57.984,0.0
-57.974,0.0
-57.964,0.0
-57.954,0.0
-57.944,0.0
-57.934,0.0
-57.924,0.0
-57.914,0.0
-57.904,0.0
-57.894,0.0
-57.884,0.0
-57.874,0.0
-57.864,0.0
-57.854,0.0
-57.844,0.0
-57.834,0.0
-57.824,0.0
-57.814,0.0
-57.804,0.0
-57.794,0.0
-57.784,0.0
-57.774,0.0
-57.764,0.0
-57.754,0.0
-57.744,0.0
-57.734,0.0
-57.724,0.0
-57.714,0.0
-57.704,0.0
-57.694,0.0
-57.684,0.0
-57.674,0.0
-57.664,0.0
-57.654,0.0
-57.644,0.0
-57.634,0.0
-57.624,0.0
-57.614,0.0
-57.604,0.0
-57.594,0.0
-57.584,0.0
-57.574,0.0
-57.564,0.0
-57.554,0.0
-57.544,0.0
-57.534,0.0
-57.524,0.0
-57.514,0.0
-57.504,0.0
-57.494,0.0
-57.484,0.0
-57.474,0.0
-57.464,0.0
-57.454,0.0
-57.444,0.0
-57.434,0.0
-57.424,0.0
-57.414,0.0
-57.404,0.0
-57.394,0.0
-57.384,0.0
-57.374,0.0
-57.364,0.0
-57.354,0.0
-57.344,0.0
-57.334,0.0
-57.324,0.0
-57.314,0.0
-57.304,0.0
-57.294,0.0
-57.284,0.0
-57.274,0.0
-57.264,0.0
-57.254,0.0
-57.244,0.0
-57.234,0.0
-57.224,0.0
-57.214,0.0
-57.204,0.0
-57.194,0.0
-57.184,0.0
-57.174,0.0
-57.164,0.0
-57.154,0.0
-57.144,0.0
-57.134,0.0
-57.124,0.0
-57.114,0.0
-57.104,0.0
-57.094,0.0
-57.084,0.0
-57.074,0.0
-57.064,0.0
-57.054,0.0
-57.044,0.0
-57.034,0.0
-57.024,0.0
-57.014,0.0
-57.004,0.0
-56.994,0.0
-56.984,0.0
-56.974,0.0
-56.964,0.0
-56.954,0.0
-56.944,0.0
-56.934,0.0
-56.924,0.0
-56.914,0.0
-56.904,0.0
-56.894,0.0
-56.884,0.0
-56.874,0.0
-56.864,0.0
-56.854,0.0
-56.844,0.0
-56.834,0.0
-56.824,0.0
-56.814,0.0
-56.804,0.0
-56.794,0.0
-56.784,0.0
-56.774,0.0
-56.764,0.0
-56.754,0.0
-56.744,0.0
-56.734,0.0
-56.724,0.0
-56.714,0.0
-56.704,0.0
-56.694,0.0
-56.684,0.0
-56.674,0.0
-56.664,0.0
-56.654,0.0
-56.644,0.0
-56.634,0.0
-56.624,0.0
-56.614,0.0
-56.604,0.0
-56.594,0.0
-56.584,0.0
-56.574,0.0
-56.564,0.0
-56.554,0.0
-56.544,0.0
-56.534,0.0
-56.524,0.0
-56.514,0.0
-56.504,0.0
-56.494,0.0
-56.484,0.0
-56.474,0.0
-56.464,0.0
-56.454,0.0
-56.444,0.0
-56.434,0.0
-56.424,0.0
-56.414,0.0
-56.404,0.0
-56.394,0.0
-56.384,0.0
-56.374,0.0
-56.364,0.0
-56.354,0.0
-56.344,0.0
-56.334,0.0
-56.324,0.0
-56.314,0.0
-56.304,0.0
-56.294,0.0
-56.284,0.0
-56.274,0.0
-56.264,0.0
-56.254,0.0
-56.244,0.0
-56.234,0.0
-56.224,0.0
-56.214,0.0
-56.204,0.0
-56.194,0.0
-56.184,0.0
-56.174,0.0
-56.164,0.0
-56.154,0.0
-56.144,0.0
-56.134,0.0
-56.124,0.0
-56.114,0.0
-56.104,0.0
-56.094,0.0
-56.084,0.0
-56.074,0.0
-56.064,0.0
-56.054,0.0
-56.044,0.0
-56.034,0.0
-56.024,0.0
-56.014,0.0
-56.004,0.0
-55.994,0.0
-55.984,0.0
-55.974,0.0
-55.964,0.0
-55.954,0.0
-55.944,0.0
-55.934,0.0
-55.924,0.0
-55.914,0.0
-55.904,0.0
-55.894,0.0
-55.884,0.0
-55.874,0.0
-55.864,0.0
-55.854,0.0
-55.844,0.0
-55.834,0.0
-55.824,0.0
-55.814,0.0
-55.804,0.0
-55.794,0.0
-55.784,0.0
-55.774,0.0
-55.764,0.0
-55.754,0.0
-55.744,0.0
-55.734,0.0
-55.724,0.0
-55.714,0.0
-55.704,0.0
-55.694,0.0
-55.684,0.0
-55.674,0.0
-55.664,0.0
-55.654,0.0
-55.644,0.0
-55.634,0.0
-55.624,0.0
-55.614,0.0
-55.604,0.0
-55.594,0.0
-55.584,0.0
-55.574,0.0
-55.564,0.0
-55.554,0.0
-55.544,0.0
-55.534,0.0
-55.524,0.0
-55.514,0.0
-55.504,0.0
-55.494,0.0
-55.484,0.0
-55.474,0.0
-55.464,0.0
-55.454,0.0
-55.444,0.0
-55.434,0.0
-55.424,0.0
-55.414,0.0
-55.404,0.0
-55.394,0.0
-55.384,0.0
-55.374,0.0
-55.364,0.0
-55.354,0.0
-55.344,0.0
-55.334,0.0
-55.324,0.0
-55.314,0.0
-55.304,0.0
-55.294,0.0
-55.284,0.0
-55.274,0.0
-55.264,0.0
-55.254,0.0
-55.244,0.0
-55.234,0.0
-55.224,0.0
-55.214,0.0
-55.204,0.0
-55.194,0.0
-55.184,0.0
-55.174,0.0
-55.164,0.0
-55.154,0.0
-55.144,0.0
-55.134,0.0
-55.124,0.0
-55.114,0.0
-55.104,0.0
-55.094,0.0
-55.084,0.0
-55.074,0.0
-55.064,0.0
-55.054,0.0
-55.044,0.0
-55.034,0.0
-55.024,0.0
-55.014,0.0
-55.004,0.0
-54.994,0.0
-54.984,0.0
-54.974,0.0
-54.964,0.0
-54.954,0.0
-54.944,0.0
-54.934,0.0
-54.924,0.0
-54.914,0.0
-54.904,0.0
-54.894,0.0
-54.884,0.0
-54.874,0.0
-54.864,0.0
-54.854,0.0
-54.844,0.0
-54.834,0.0
-54.824,0.0
-54.814,0.0
-54.804,0.0
-54.794,0.0
-54.784,0.0
-54.774,0.0
-54.764,0.0
-54.754,0.0
-54.744,0.0
-54.734,0.0
-54.724,0.0
-54.714,0.0
-54.704,0.0
-54.694,0.0
-54.684,0.0
-54.674,0.0
-54.664,0.0
-54.654,0.0
-54.644,0.0
-54.634,0.0
-54.624,0.0
-54.614,0.0
-54.604,0.0
-54.594,0.0
-54.584,0.0
-54.574,0.0
-54.564,0.0
-54.554,0.0
-54.544,0.0
-54.534,0.0
-54.524,0.0
-54.514,0.0
-54.504,0.0
-54.494,0.0
-54.484,0.0
-54.474,0.0
-54.464,0.0
-54.454,0.0
-54.444,0.0
-54.434,0.0
-54.424,0.0
-54.414,0.0
-54.404,0.0
-54.394,0.0
-54.384,0.0
-54.374,0.0
-54.364,0.0
-54.354,0.0
-54.344,0.0
-54.334,0.0
-54.324,0.0
-54.314,0.0
-54.304,0.0
-54.294,0.0
-54.284,0.0
-54.274,0.0
-54.264,0.0
-54.254,0.0
-54.244,0.0
-54.234,0.0
-54.224,0.0
-54.214,0.0
-54.204,0.0
-54.194,0.0
-54.184,0.0
-54.174,0.0
-54.164,0.0
-54.154,0.0
-54.144,0.0
-54.134,0.0
-54.124,0.0
-54.114,0.0
-54.104,0.0
-54.094,0.0
-54.084,0.0
-54.074,0.0
-54.064,0.0
-54.054,0.0
-54.044,0.0
-54.034,0.0
-54.024,0.0
-54.014,0.0
-54.004,0.0
-53.994,0.0
-53.984,0.0
-53.974,0.0
-53.964,0.0
-53.954,0.0
-53.944,0.0
-53.934,0.0
-53.924,0.0
-53.914,0.0
-53.904,0.0
-53.894,0.0
-53.884,0.0
-53.874,0.0
-53.864,0.0
-53.854,0.0
-53.844,0.0
-53.834,0.0
-53.824,0.0
-53.814,0.0
-53.804,0.0
-53.794,0.0
-53.784,0.0
-53.774,0.0
-53.764,0.0
-53.754,0.0
-53.744,0.0
-53.734,0.0
-53.724,0.0
-53.714,0.0
-53.704,0.0
-53.694,0.0
-53.684,0.0
-53.674,0.0
-53.664,0.0
-53.654,0.0
-53.644,0.0
-53.634,0.0
-53.624,0.0
-53.614,0.0
-53.604,0.0
-53.594,0.0
-53.584,0.0
-53.574,0.0
-53.564,0.0
-53.554,0.0
-53.544,0.0
-53.534,0.0
-53.524,0.0
-53.514,0.0
-53.504,0.0
-53.494,0.0
-53.484,0.0
-53.474,0.0
-53.464,0.0
-53.454,0.0
-53.444,0.0
-53.434,0.0
-53.424,0.0
-53.414,0.0
-53.404,0.0
-53.394,0.0
-53.384,0.0
-53.374,0.0
-53.364,0.0
-53.354,0.0
-53.344,0.0
-53.334,0.0
-53.324,0.0
-53.314,0.0
-53.304,0.0
-53.294,0.0
-53.284,0.0
-53.274,0.0
-53.264,0.0
-53.254,0.0
-53.244,0.0
-53.234,0.0
-53.224,0.0
-53.214,0.0
-53.204,0.0
-53.194,0.0
-53.184,0.0
-53.174,0.0
-53.164,0.0
-53.154,0.0
-53.144,0.0
-53.134,0.0
-53.124,0.0
-53.114,0.0
-53.104,0.0
-53.094,0.0
-53.084,0.0
-53.074,0.0
-53.064,0.0
-53.054,0.0
-53.044,0.0
-53.034,0.0
-53.024,0.0
-53.014,0.0
-53.004,0.0
-52.994,0.0
-52.984,0.0
-52.974,0.0
-52.964,0.0
-52.954,0.0
-52.944,0.0
-52.934,0.0
-52.924,0.0
-52.914,0.0
-52.904,0.0
-52.894,0.0
-52.884,0.0
-52.874,0.0
-52.864,0.0
-52.854,0.0
-52.844,0.0
-52.834,0.0
-52.824,0.0
-52.814,0.0
-52.804,0.0
-52.794,0.0
-52.784,0.0
-52.774,0.0
-52.764,0.0
-52.754,0.0
-52.744,0.0
-52.734,0.0
-52.724,0.0
-52.714,0.0
-52.704,0.0
-52.694,0.0
-52.684,0.0
-52.674,0.0
-52.664,0.0
-52.654,0.0
-52.644,0.0
-52.634,0.0
-52.624,0.0
-52.614,0.0
-52.604,0.0
-52.594,0.0
-52.584,0.0
-52.574,0.0
-52.564,0.0
-52.554,0.0
-52.544,0.0
-52.534,0.0
-52.524,0.0
-52.514,0.0
-52.504,0.0
-52.494,0.0
-52.484,0.0
-52.474,0.0
-52.464,0.0
-52.454,0.0
-52.444,0.0
-52.434,0.0
-52.424,0.0
-52.414,0.0
-52.404,0.0
-52.394,0.0
-52.384,0.0
-52.374,0.0
-52.364,0.0
-52.354,0.0
-52.344,0.0
-52.334,0.0
-52.324,0.0
-52.314,0.0
-52.304,0.0
-52.294,0.0
-52.284,0.0
-52.274,0.0
-52.264,0.0
-52.254,0.0
-52.244,0.0
-52.234,0.0
-52.224,0.0
-52.214,0.0
-52.204,0.0
-52.194,0.0
-52.184,0.0
-52.174,0.0
-52.164,0.0
-52.154,0.0
-52.144,0.0
-52.134,0.0
-52.124,0.0
-52.114,0.0
-52.104,0.0
-52.094,0.0
-52.084,0.0
-52.074,0.0
-52.064,0.0
-52.054,0.0
-52.044,0.0
-52.034,0.0
-52.024,0.0
-52.014,0.0
-52.004,0.0
-51.994,0.0
-51.984,0.0
-51.974,0.0
-51.964,0.0
-51.954,0.0
-51.944,0.0
-51.934,0.0
-51.924,0.0
-51.914,0.0
-51.904,0.0
-51.894,0.0
-51.884,0.0
-51.874,0.0
-51.864,0.0
-51.854,0.0
-51.844,0.0
-51.834,0.0
-51.824,0.0
-51.814,0.0
-51.804,0.0
-51.794,0.0
-51.784,0.0
-51.774,0.0
-51.764,0.0
-51.754,0.0
-51.744,0.0
-51.734,0.0
-51.724,0.0
-51.714,0.0
-51.704,0.0
-51.694,0.0
-51.684,0.0
-51.674,0.0
-51.664,0.0
-51.654,0.0
-51.644,0.0
-51.634,0.0
-51.624,0.0
-51.614,0.0
-51.604,0.0
-51.594,0.0
-51.584,0.0
-51.574,0.0
-51.564,0.0
-51.554,0.0
-51.544,0.0
-51.534,0.0
-51.524,0.0
-51.514,0.0
-51.504,0.0
-51.494,0.0
-51.484,0.0
-51.474,0.0
-51.464,0.0
-51.454,0.0
-51.444,0.0
-51.434,0.0
-51.424,0.0
-51.414,0.0
-51.404,0.0
-51.394,0.0
-51.384,0.0
-51.374,0.0
-51.364,0.0
-51.354,0.0
-51.344,0.0
-51.334,0.0
-51.324,0.0
-51.314,0.0
-51.304,0.0
-51.294,0.0
-51.284,0.0
-51.274,0.0
-51.264,0.0
-51.254,0.0
-51.244,0.0
-51.234,0.0
-51.224,0.0
-51.214,0.0
-51.204,0.0
-51.194,0.0
-51.184,0.0
-51.174,0.0
-51.164,0.0
-51.154,0.0
-51.144,0.0
-51.134,0.0
-51.124,0.0
-51.114,0.0
-51.104,0.0
-51.094,0.0
-51.084,0.0
-51.074,0.0
-51.064,0.0
-51.054,0.0
-51.044,0.0
-51.034,0.0
-51.024,0.0
-51.014,0.0
-51.004,0.0
-50.994,0.0
-50.984,0.0
-50.974,0.0
-50.964,0.0
-50.954,0.0
-50.944,0.0
-50.934,0.0
-50.924,0.0
-50.914,0.0
-50.904,0.0
-50.894,0.0
-50.884,0.0
-50.874,0.0
-50.864,0.0
-50.854,0.0
-50.844,0.0
-50.834,0.0
-50.824,0.0
-50.814,0.0
-50.804,0.0
-50.794,0.0
-50.784,0.0
-50.774,0.0
-50.764,0.0
-50.754,0.0
-50.744,0.0
-50.734,0.0
-50.724,0.0
-50.714,0.0
-50.704,0.0
-50.694,0.0
-50.684,0.0
-50.674,0.0
-50.664,0.0
-50.654,0.0
-50.644,0.0
-50.634,0.0
-50.624,0.0
-50.614,0.0
-50.604,0.0
-50.594,0.0
-50.584,0.0
-50.574,0.0
-50.564,0.0
-50.554,0.0
-50.544,0.0
-50.534,0.0
-50.524,0.0
-50.514,0.0
-50.504,0.0
-50.494,0.0
-50.484,0.0
-50.474,0.0
-50.464,0.0
-50.454,0.0
-50.444,0.0
-50.434,0.0
-50.424,0.0
-50.414,0.0
-50.404,0.0
-50.394,0.0
-50.384,0.0
-50.374,0.0
-50.364,0.0
-50.354,0.0
-50.344,0.0
-50.334,0.0
-50.324,0.0
-50.314,0.0
-50.304,0.0
-50.294,0.0
-50.284,0.0
-50.274,0.0
-50.264,0.0
-50.254,0.0
-50.244,0.0
-50.234,0.0
-50.224,0.0
-50.214,0.0
-50.204,0.0
-50.194,0.0
-50.184,0.0
-50.174,0.0
-50.164,0.0
-50.154,0.0
-50.144,0.0
-50.134,0.0
-50.124,0.0
-50.114,0.0
-50.104,0.0
-50.094,0.0
-50.084,0.0
-50.074,0.0
-50.064,0.0
-50.054,0.0
-50.044,0.0
-50.034,0.0
-50.024,0.0
-50.014,0.0
-50.004,0.0
-49.994,0.0
-49.984,0.0
-49.974,0.0
-49.964,0.0
-49.954,0.0
-49.944,0.0
-49.934,0.0
-49.924,0.0
-49.914,0.0
-49.904,0.0
-49.894,0.0
-49.884,0.0
-49.874,0.0
-49.864,0.0
-49.854,0.0
-49.844,0.0
-49.834,0.0
-49.824,0.0
-49.814,0.0
-49.804,0.0
-49.794,0.0
-49.784,0.0
-49.774,0.0
-49.764,0.0
-49.754,0.0
-49.744,0.0
-49.734,0.0
-49.724,0.0
-49.714,0.0
-49.704,0.0
-49.694,0.0
-49.684,0.0
-49.674,0.0
-49.664,0.0
-49.654,0.0
-49.644,0.0
-49.634,0.0
-49.624,0.0
-49.614,0.0
-49.604,0.0
-49.594,0.0
-49.584,0.0
-49.574,0.0
-49.564,0.0
-49.554,0.0
-49.544,0.0
-49.534,0.0
-49.524,0.0
-49.514,0.0
-49.504,0.0
-49.494,0.0
-49.484,0.0
-49.474,0.0
-49.464,0.0
-49.454,0.0
-49.444,0.0
-49.434,0.0
-49.424,0.0
-49.414,0.0
-49.404,0.0
-49.394,0.0
-49.384,0.0
-49.374,0.0
-49.364,0.0
-49.354,0.0
-49.344,0.0
-49.334,0.0
-49.324,0.0
-49.314,0.0
-49.304,0.0
-49.294,0.0
-49.284,0.0
-49.274,0.0
-49.264,0.0
-49.254,0.0
-49.244,0.0
-49.234,0.0
-49.224,0.0
-49.214,0.0
-49.204,0.0
-49.194,0.0
-49.184,0.0
-49.174,0.0
-49.164,0.0
-49.154,0.0
-49.144,0.0
-49.134,0.0
-49.124,0.0
-49.114,0.0
-49.104,0.0
-49.094,0.0
-49.084,0.0
-49.074,0.0
-49.064,0.0
-49.054,0.0
-49.044,0.0
-49.034,0.0
-49.024,0.0
-49.014,0.0
-49.004,0.0
-48.994,0.0
-48.984,0.0
-48.974,0.0
-48.964,0.0
-48.954,0.0
-48.944,0.0
-48.934,0.0
-48.924,0.0
-48.914,0.0
-48.904,0.0
-48.894,0.0
-48.884,0.0
-48.874,0.0
-48.864,0.0
-48.854,0.0
-48.844,0.0
-48.834,0.0
-48.824,0.0
-48.814,0.0
-48.804,0.0
-48.794,0.0
-48.784,0.0
-48.774,0.0
-48.764,0.0
-48.754,0.0
-48.744,0.0
-48.734,0.0
-48.724,0.0
-48.714,0.0
-48.704,0.0
-48.694,0.0
-48.684,0.0
-48.674,0.0
-48.664,0.0
-48.654,0.0
-48.644,0.0
-48.634,0.0
-48.624,0.0
-48.614,0.0
-48.604,0.0
-48.594,0.0
-48.584,0.0
-48.574,0.0
-48.564,0.0
-48.554,0.0
-48.544,0.0
-48.534,0.0
-48.524,0.0
-48.514,0.0
-48.504,0.0
-48.494,0.0
-48.484,0.0
-48.474,0.0
-48.464,0.0
-48.454,0.0
-48.444,0.0
-48.434,0.0
-48.424,0.0
-48.414,0.0
-48.404,0.0
-48.394,0.0
-48.384,0.0
-48.374,0.0
-48.364,0.0
-48.354,0.0
-48.344,0.0
-48.334,0.0
-48.324,0.0
-48.314,0.0
-48.304,0.0
-48.294,0.0
-48.284,0.0
-48.274,0.0
-48.264,0.0
-48.254,0.0
-48.244,0.0
-48.234,0.0
-48.224,0.0
-48.214,0.0
-48.204,0.0
-48.194,0.0
-48.184,0.0
-48.174,0.0
-48.164,0.0
-48.154,0.0
-48.144,0.0
-48.134,0.0
-48.124,0.0
-48.114,0.0
-48.104,0.0
-48.094,0.0
-48.084,0.0
-48.074,0.0
-48.064,0.0
-48.054,0.0
-48.044,0.0
-48.034,0.0
-48.024,0.0
-48.014,0.0
-48.004,0.0
-47.994,0.0
-47.984,0.0
-47.974,0.0
-47.964,0.0
-47.954,0.0
-47.944,0.0
-47.934,0.0
-47.924,0.0
-47.914,0.0
-47.904,0.0
-47.894,0.0
-47.884,0.0
-47.874,0.0
-47.864,0.0
-47.854,0.0
-47.844,0.0
-47.834,0.0
-47.824,0.0
-47.814,0.0
-47.804,0.0
-47.794,0.0
-47.784,0.0
-47.774,0.0
-47.764,0.0
-47.754,0.0
-47.744,0.0
-47.734,0.0
-47.724,0.0
-47.714,0.0
-47.704,0.0
-47.694,0.0
-47.684,0.0
-47.674,0.0
-47.664,0.0
-47.654,0.0
-47.644,0.0
-47.634,0.0
-47.624,0.0
-47.614,0.0
-47.604,0.0
-47.594,0.0
-47.584,0.0
-47.574,0.0
-47.564,0.0
-47.554,0.0
-47.544,0.0
-47.534,0.0
-47.524,0.0
-47.514,0.0
-47.504,0.0
-47.494,0.0
-47.484,0.0
-47.474,0.0
-47.464,0.0
-47.454,0.0
-47.444,0.0
-47.434,0.0
-47.424,0.0
-47.414,0.0
-47.404,0.0
-47.394,0.0
-47.384,0.0
-47.374,0.0
-47.364,0.0
-47.354,0.0
-47.344,0.0
-47.334,0.0
-47.324,0.0
-47.314,0.0
-47.304,0.0
-47.294,0.0
-47.284,0.0
-47.274,0.0
-47.264,0.0
-47.254,0.0
-47.244,0.0
-47.234,0.0
-47.224,0.0
-47.214,0.0
-47.204,0.0
-47.194,0.0
-47.184,0.0
-47.174,0.0
-47.164,0.0
-47.154,0.0
-47.144,0.0
-47.134,0.0
-47.124,0.0
-47.114,0.0
-47.104,0.0
-47.094,0.0
-47.084,0.0
-47.074,0.0
-47.064,0.0
-47.054,0.0
-47.044,0.0
-47.034,0.0
-47.024,0.0
-47.014,0.0
-47.004,0.0
-46.994,0.0
-46.984,0.0
-46.974,0.0
-46.964,0.0
-46.954,0.0
-46.944,0.0
-46.934,0.0
-46.924,0.0
-46.914,0.0
-46.904,0.0
-46.894,0.0
-46.884,0.0
-46.874,0.0
-46.864,0.0
-46.854,0.0
-46.844,0.0
-46.834,0.0
-46.824,0.0
-46.814,0.0
-46.804,0.0
-46.794,0.0
-46.784,0.0
-46.774,0.0
-46.764,0.0
-46.754,0.0
-46.744,0.0
-46.734,0.0
-46.724,0.0
-46.714,0.0
-46.704,0.0
-46.694,0.0
-46.684,0.0
-46.674,0.0
-46.664,0.0
-46.654,0.0
-46.644,0.0
-46.634,0.0
-46.624,0.0
-46.614,0.0
-46.604,0.0
-46.594,0.0
-46.584,0.0
-46.574,0.0
-46.564,0.0
-46.554,0.0
-46.544,0.0
-46.534,0.0
-46.524,0.0
-46.514,0.0
-46.504,0.0
-46.494,0.0
-46.484,0.0
-46.474,0.0
-46.464,0.0
-46.454,0.0
-46.444,0.0
-46.434,0.0
-46.424,0.0
-46.414,0.0
-46.404,0.0
-46.394,0.0
-46.384,0.0
-46.374,0.0
-46.364,0.0
-46.354,0.0
-46.344,0.0
-46.334,0.0
-46.324,0.0
-46.314,0.0
-46.304,0.0
-46.294,0.0
-46.284,0.0
-46.274,0.0
-46.264,0.0
-46.254,0.0
-46.244,0.0
-46.234,0.0
-46.224,0.0
-46.214,0.0
-46.204,0.0
-46.194,0.0
-46.184,0.0
-46.174,0.0
-46.164,0.0
-46.154,0.0
-46.144,0.0
-46.134,0.0
-46.124,0.0
-46.114,0.0
-46.104,0.0
-46.094,0.0
-46.084,0.0
-46.074,0.0
-46.064,0.0
-46.054,0.0
-46.044,0.0
-46.034,0.0
-46.024,0.0
-46.014,0.0
-46.004,0.0
-45.994,0.0
-45.984,0.0
-45.974,0.0
-45.964,0.0
-45.954,0.0
-45.944,0.0
-45.934,0.0
-45.924,0.0
-45.914,0.0
-45.904,0.0
-45.894,0.0
-45.884,0.0
-45.874,0.0
-45.864,0.0
-45.854,0.0
-45.844,0.0
-45.834,0.0
-45.824,0.0
-45.814,0.0
-45.804,0.0
-45.794,0.0
-45.784,0.0
-45.774,0.0
-45.764,0.0
-45.754,0.0
-45.744,0.0
-45.734,0.0
-45.724,0.0
-45.714,0.0
-45.704,0.0
-45.694,0.0
-45.684,0.0
-45.674,0.0
-45.664,0.0
-45.654,0.0
-45.644,0.0
-45.634,0.0
-45.624,0.0
-45.614,0.0
-45.604,0.0
-45.594,0.0
-45.584,0.0
-45.574,0.0
-45.564,0.0
-45.554,0.0
-45.544,0.0
-45.534,0.0
-45.524,0.0
-45.514,0.0
-45.504,0.0
-45.494,0.0
-45.484,0.0
-45.474,0.0
-45.464,0.0
-45.454,0.0
-45.444,0.0
-45.434,0.0
-45.424,0.0
-45.414,0.0
-45.404,0.0
-45.394,0.0
-45.384,0.0
-45.374,0.0
-45.364,0.0
-45.354,0.0
-45.344,0.0
-45.334,0.0
-45.324,0.0
-45.314,0.0
-45.304,0.0
-45.294,0.0
-45.284,0.0
-45.274,0.0
-45.264,0.0
-45.254,0.0
-45.244,0.0
-45.234,0.0
-45.224,0.0
-45.214,0.0
-45.204,0.0
-45.194,0.0
-45.184,0.0
-45.174,0.0
-45.164,0.0
-45.154,0.0
-45.144,0.0
-45.134,0.0
-45.124,0.0
-45.114,0.0
-45.104,0.0
-45.094,0.0
-45.084,0.0
-45.074,0.0
-45.064,0.0
-45.054,0.0
-45.044,0.0
-45.034,0.0
-45.024,0.0
-45.014,0.0
-45.004,0.0
-44.994,0.0
-44.984,0.0
-44.974,0.0
-44.964,0.0
-44.954,0.0
-44.944,0.0
-44.934,0.0
-44.924,0.0
-44.914,0.0
-44.904,0.0
-44.894,0.0
-44.884,0.0
-44.874,0.0
-44.864,0.0
-44.854,0.0
-44.844,0.0
-44.834,0.0
-44.824,0.0
-44.814,0.0
-44.804,0.0
-44.794,0.0
-44.784,0.0
-44.774,0.0
-44.764,0.0
-44.754,0.0
-44.744,0.0
-44.734,0.0
-44.724,0.0
-44.714,0.0
-44.704,0.0
-44.694,0.0
-44.684,0.0
-44.674,0.0
-44.664,0.0
-44.654,0.0
-44.644,0.0
-44.634,0.0
-44.624,0.0
-44.614,0.0
-44.604,0.0
-44.594,0.0
-44.584,0.0
-44.574,0.0
-44.564,0.0
-44.554,0.0
-44.544,0.0
-44.534,0.0
-44.524,0.0
-44.514,0.0
-44.504,0.0
-44.494,0.0
-44.484,0.0
-44.474,0.0
-44.464,0.0
-44.454,0.0
-44.444,0.0
-44.434,0.0
-44.424,0.0
-44.414,0.0
-44.404,0.0
-44.394,0.0
-44.384,0.0
-44.374,0.0
-44.364,0.0
-44.354,0.0
-44.344,0.0
-44.334,0.0
-44.324,0.0
-44.314,0.0
-44.304,0.0
-44.294,0.0
-44.284,0.0
-44.274,0.0
-44.264,0.0
-44.254,0.0
-44.244,0.0
-44.234,0.0
-44.224,0.0
-44.214,0.0
-44.204,0.0
-44.194,0.0
-44.184,0.0
-44.174,0.0
-44.164,0.0
-44.154,0.0
-44.144,0.0
-44.134,0.0
-44.124,0.0
-44.114,0.0
-44.104,0.0
-44.094,0.0
-44.084,0.0
-44.074,0.0
-44.064,0.0
-44.054,0.0
-44.044,0.0
-44.034,0.0
-44.024,0.0
-44.014,0.0
-44.004,0.0
-43.994,0.0
-43.984,0.0
-43.974,0.0
-43.964,0.0
-43.954,0.0
-43.944,0.0
-43.934,0.0
-43.924,0.0
-43.914,0.0
-43.904,0.0
-43.894,0.0
-43.884,0.0
-43.873999999999995,0.0
-43.864000000000004,0.0
-43.854,0.0
-43.844,0.0
-43.834,0.0
-43.824,0.0
-43.814,0.0
-43.804,0.0
-43.794,0.0
-43.784,0.0
-43.774,0.0
-43.763999999999996,0.0
-43.754000000000005,0.0
-43.744,0.0
-43.734,0.0
-43.724000000000004,0.0
-43.714,0.0
-43.704,0.0
-43.694,0.0
-43.684,0.0
-43.674,0.0
-43.664,0.0
-43.653999999999996,0.0
-43.644,0.0
-43.634,0.0
-43.623999999999995,0.0
-43.614000000000004,0.0
-43.604,0.0
-43.594,0.0
-43.584,0.0
-43.574,0.0
-43.564,0.0
-43.554,0.0
-43.544,0.0
-43.534,0.0
-43.524,0.0
-43.513999999999996,0.0
-43.504000000000005,0.0
-43.494,0.0
-43.484,0.0
-43.474000000000004,0.0
-43.464,0.0
-43.454,0.0
-43.444,0.0
-43.434,0.0
-43.424,0.0
-43.414,0.0
-43.403999999999996,0.0
-43.394,0.0
-43.384,0.0
-43.373999999999995,0.0
-43.364000000000004,0.0
-43.354,0.0
-43.344,0.0
-43.334,0.0
-43.324,0.0
-43.314,0.0
-43.304,0.0
-43.294,0.0
-43.284,0.0
-43.274,0.0
-43.263999999999996,0.0
-43.254000000000005,0.0
-43.244,0.0
-43.234,0.0
-43.224000000000004,0.0
-43.214,0.0
-43.204,0.0
-43.194,0.0
-43.184,0.0
-43.174,0.0
-43.164,0.0
-43.153999999999996,0.0
-43.144,0.0
-43.134,0.0
-43.123999999999995,0.0
-43.114000000000004,0.0
-43.104,0.0
-43.094,0.0
-43.084,0.0
-43.074,0.0
-43.064,0.0
-43.054,0.0
-43.044,0.0
-43.034,0.0
-43.024,0.0
-43.013999999999996,0.0
-43.004000000000005,0.0
-42.994,0.0
-42.984,0.0
-42.974000000000004,0.0
-42.964,0.0
-42.954,0.0
-42.944,0.0
-42.934,0.0
-42.924,0.0
-42.914,0.0
-42.903999999999996,0.0
-42.894,0.0
-42.884,0.0
-42.873999999999995,0.0
-42.864000000000004,0.0
-42.854,0.0
-42.844,0.0
-42.834,0.0
-42.824,0.0
-42.814,0.0
-42.804,0.0
-42.794,0.0
-42.784,0.0
-42.774,0.0
-42.763999999999996,0.0
-42.754000000000005,0.0
-42.744,0.0
-42.734,0.0
-42.724000000000004,0.0
-42.714,0.0
-42.704,0.0
-42.694,0.0
-42.684,0.0
-42.674,0.0
-42.664,0.0
-42.653999999999996,0.0
-42.644,0.0
-42.634,0.0
-42.623999999999995,0.0
-42.614000000000004,0.0
-42.604,0.0
-42.594,0.0
-42.584,0.0
-42.574,0.0
-42.564,0.0
-42.554,0.0
-42.544,0.0
-42.534,0.0
-42.524,0.0
-42.513999999999996,0.0
-42.504000000000005,0.0
-42.494,0.0
-42.484,0.0
-42.474000000000004,0.0
-42.464,0.0
-42.454,0.0
-42.444,0.0
-42.434,0.0
-42.424,0.0
-42.414,0.0
-42.403999999999996,0.0
-42.394,0.0
-42.384,0.0
-42.373999999999995,0.0
-42.364000000000004,0.0
-42.354,0.0
-42.344,0.0
-42.334,0.0
-42.324,0.0
-42.314,0.0
-42.304,0.0
-42.294,0.0
-42.284,0.0
-42.274,0.0
-42.263999999999996,0.0
-42.254000000000005,0.0
-42.244,0.0
-42.234,0.0
-42.224000000000004,0.0
-42.214,0.0
-42.204,0.0
-42.194,0.0
-42.184,0.0
-42.174,0.0
-42.164,0.0
-42.153999999999996,0.0
-42.144,0.0
-42.134,0.0
-42.123999999999995,0.0
-42.114000000000004,0.0
-42.104,0.0
-42.094,0.0
-42.084,0.0
-42.074,0.0
-42.064,0.0
-42.054,0.0
-42.044,0.0
-42.034,0.0
-42.024,0.0
-42.013999999999996,0.0
-42.004000000000005,0.0
-41.994,0.0
-41.984,0.0
-41.974000000000004,0.0
-41.964,0.0
-41.954,0.0
-41.944,0.0
-41.934,0.0
-41.924,0.0
-41.914,0.0
-41.903999999999996,0.0
-41.894,0.0
-41.884,0.0
-41.873999999999995,0.0
-41.864000000000004,0.0
-41.854,0.0
-41.844,0.0
-41.834,0.0
-41.824,0.0
-41.814,0.0
-41.804,0.0
-41.794,0.0
-41.784,0.0
-41.774,0.0
-41.763999999999996,0.0
-41.754000000000005,0.0
-41.744,0.0
-41.734,0.0
-41.724000000000004,0.0
-41.714,0.0
-41.704,0.0
-41.694,0.0
-41.684,0.0
-41.674,0.0
-41.664,0.0
-41.653999999999996,0.0
-41.644,0.0
-41.634,0.0
-41.623999999999995,0.0
-41.614000000000004,0.0
-41.604,0.0
-41.594,0.0
-41.584,0.0
-41.574,0.0
-41.564,0.0
-41.554,0.0
-41.544,0.0
-41.534,0.0
-41.524,0.0
-41.513999999999996,0.0
-41.504000000000005,0.0
-41.494,0.0
-41.484,0.0
-41.474000000000004,0.0
-41.464,0.0
-41.454,0.0
-41.444,0.0
-41.434,0.0
-41.424,0.0
-41.414,0.0
-41.403999999999996,0.0
-41.394,0.0
-41.384,0.0
-41.373999999999995,0.0
-41.364000000000004,0.0
-41.354,0.0
-41.344,0.0
-41.334,0.0
-41.324,0.0
-41.314,0.0
-41.304,0.0
-41.294,0.0
-41.284,0.0
-41.274,0.0
-41.263999999999996,0.0
-41.254000000000005,0.0
-41.244,0.0
-41.234,0.0
-41.224000000000004,0.0
-41.214,0.0
-41.204,0.0
-41.194,0.0
-41.184,0.0
-41.174,0.0
-41.164,0.0
-41.153999999999996,0.0
-41.144,0.0
-41.134,0.0
-41.123999999999995,0.0
-41.114000000000004,0.0
-41.104,0.0
-41.094,0.0
-41.084,0.0
-41.074,0.0
-41.064,0.0
-41.054,0.0
-41.044,0.0
-41.034,0.0
-41.024,0.0
-41.013999999999996,0.0
-41.004000000000005,0.0
-40.994,0.0
-40.984,0.0
-40.974000000000004,0.0
-40.964,0.0
-40.954,0.0
-40.944,0.0
-40.934,0.0
-40.924,0.0
-40.914,0.0
-40.903999999999996,0.0
-40.894,0.0
-40.884,0.0
-40.873999999999995,0.0
-40.864000000000004,0.0
-40.854,0.0
-40.844,0.0
-40.834,0.0
-40.824,0.0
-40.814,0.0
-40.804,0.0
-40.794,0.0
-40.784,0.0
-40.774,0.0
-40.763999999999996,0.0
-40.754000000000005,0.0
-40.744,0.0
-40.734,0.0
-40.724000000000004,0.0
-40.714,0.0
-40.704,0.0
-40.694,0.0
-40.684,0.0
-40.674,0.0
-40.664,0.0
-40.653999999999996,0.0
-40.644,0.0
-40.634,0.0
-40.623999999999995,0.0
-40.614000000000004,0.0
-40.604,0.0
-40.594,0.0
-40.584,0.0
-40.574,0.0
-40.564,0.0
-40.554,0.0
-40.544,0.0
-40.534,0.0
-40.524,0.0
-40.513999999999996,0.0
-40.504000000000005,0.0
-40.494,0.0
-40.484,0.0
-40.474000000000004,0.0
-40.464,0.0
-40.454,0.0
-40.444,0.0
-40.434,0.0
-40.424,0.0
-40.414,0.0
-40.403999999999996,0.0
-40.394,0.0
-40.384,0.0
-40.373999999999995,0.0
-40.364000000000004,0.0
-40.354,0.0
-40.344,0.0
-40.334,0.0
-40.324,0.0
-40.314,0.0
-40.304,0.0
-40.294,0.0
-40.284,0.0
-40.274,0.0
-40.263999999999996,0.0
-40.254000000000005,0.0
-40.244,0.0
-40.234,0.0
-40.224000000000004,0.0
-40.214,0.0
-40.204,0.0
-40.194,0.0
-40.184,0.0
-40.174,0.0
-40.164,0.0
-40.153999999999996,0.0
-40.144,0.0
-40.134,0.0
-40.123999999999995,0.0
-40.114000000000004,0.0
-40.104,0.0
-40.094,0.0
-40.084,0.0
-40.074,0.0
-40.064,0.0
-40.054,0.0
-40.044,0.0
-40.034,0.0
-40.024,0.0
-40.013999999999996,0.0
-40.004000000000005,0.0
-39.994,0.0
-39.984,0.0
-39.974000000000004,0.0
-39.964,0.0
-39.954,0.0
-39.944,0.0
-39.934,0.0
-39.924,0.0
-39.914,0.0
-39.903999999999996,0.0
-39.894,0.0
-39.884,0.0
-39.873999999999995,0.0
-39.864000000000004,0.0
-39.854,0.0
-39.844,0.0
-39.834,0.0
-39.824,0.0
-39.814,0.0
-39.804,0.0
-39.794,0.0
-39.784,0.0
-39.774,0.0
-39.763999999999996,0.0
-39.754000000000005,0.0
-39.744,0.0
-39.734,0.0
-39.724000000000004,0.0
-39.714,0.0
-39.704,0.0
-39.694,0.0
-39.684,0.0
-39.674,0.0
-39.664,0.0
-39.653999999999996,0.0
-39.644,0.0
-39.634,0.0
-39.623999999999995,0.0
-39.614000000000004,0.0
-39.604,0.0
-39.594,0.0
-39.584,0.0
-39.574,0.0
-39.564,0.0
-39.554,0.0
-39.544,0.0
-39.534,0.0
-39.524,0.0
-39.513999999999996,0.0
-39.504000000000005,0.0
-39.494,0.0
-39.484,0.0
-39.474000000000004,0.0
-39.464,0.0
-39.454,0.0
-39.444,0.0
-39.434,0.0
-39.424,0.0
-39.414,0.0
-39.403999999999996,0.0
-39.394,0.0
-39.384,0.0
-39.373999999999995,0.0
-39.364000000000004,0.0
-39.354,0.0
-39.344,0.0
-39.334,0.0
-39.324,0.0
-39.314,0.0
-39.304,0.0
-39.294,0.0
-39.284,0.0
-39.274,0.0
-39.263999999999996,0.0
-39.254000000000005,0.0
-39.244,0.0
-39.234,0.0
-39.224000000000004,0.0
-39.214,0.0
-39.204,0.0
-39.194,0.0
-39.184,0.0
-39.174,0.0
-39.164,0.0
-39.153999999999996,0.0
-39.144,0.0
-39.134,0.0
-39.123999999999995,0.0
-39.114000000000004,0.0
-39.104,0.0
-39.094,0.0
-39.084,0.0
-39.074,0.0
-39.064,0.0
-39.054,0.0
-39.044,0.0
-39.034,0.0
-39.024,0.0
-39.013999999999996,0.0
-39.004000000000005,0.0
-38.994,0.0
-38.984,0.0
-38.974000000000004,0.0
-38.964,0.0
-38.954,0.0
-38.944,0.0
-38.934,0.0
-38.924,0.0
-38.914,0.0
-38.903999999999996,0.0
-38.894,0.0
-38.884,0.0
-38.873999999999995,0.0
-38.864000000000004,0.0
-38.854,0.0
-38.844,0.0
-38.834,0.0
-38.824,0.0
-38.814,0.0
-38.804,0.0
-38.794,0.0
-38.784,0.0
-38.774,0.0
-38.763999999999996,0.0
-38.754000000000005,0.0
-38.744,0.0
-38.734,0.0
-38.724000000000004,0.0
-38.714,0.0
-38.704,0.0
-38.694,0.0
-38.684,0.0
-38.674,0.0
-38.664,0.0
-38.653999999999996,0.0
-38.644,0.0
-38.634,0.0
-38.623999999999995,0.0
-38.614000000000004,0.0
-38.604,0.0
-38.594,0.0
-38.584,0.0
-38.574,0.0
-38.564,0.0
-38.554,0.0
-38.544,0.0
-38.534,0.0
-38.524,0.0
-38.513999999999996,0.0
-38.504000000000005,0.0
-38.494,0.0
-38.484,0.0
-38.474000000000004,0.0
-38.464,0.0
-38.454,0.0
-38.444,0.0
-38.434,0.0
-38.424,0.0
-38.414,0.0
-38.403999999999996,0.0
-38.394,0.0
-38.384,0.0
-38.373999999999995,0.0
-38.364000000000004,0.0
-38.354,0.0
-38.344,0.0
-38.334,0.0
-38.324,0.0
-38.314,0.0
-38.304,0.0
-38.294,0.0
-38.284,0.0
-38.274,0.0
-38.263999999999996,0.0
-38.254000000000005,0.0
-38.244,0.0
-38.234,0.0
-38.224000000000004,0.0
-38.214,0.0
-38.204,0.0
-38.194,0.0
-38.184,0.0
-38.174,0.0
-38.164,0.0
-38.153999999999996,0.0
-38.144,0.0
-38.134,0.0
-38.123999999999995,0.0
-38.114000000000004,0.0
-38.104,0.0
-38.094,0.0
-38.084,0.0
-38.074,0.0
-38.064,0.0
-38.054,0.0
-38.044,0.0
-38.034,0.0
-38.024,0.0
-38.013999999999996,0.0
-38.004000000000005,0.0
-37.994,0.0
-37.984,0.0
-37.974000000000004,0.0
-37.964,0.0
-37.954,0.0
-37.944,0.0
-37.934,0.0
-37.924,0.0
-37.914,0.0
-37.903999999999996,0.0
-37.894,0.0
-37.884,0.0
-37.873999999999995,0.0
-37.864000000000004,0.0
-37.854,0.0
-37.844,0.0
-37.834,0.0
-37.824,0.0
-37.814,0.0
-37.804,0.0
-37.794,0.0
-37.784,0.0
-37.774,0.0
-37.763999999999996,0.0
-37.754000000000005,0.0
-37.744,0.0
-37.734,0.0
-37.724000000000004,0.0
-37.714,0.0
-37.704,0.0
-37.694,0.0
-37.684,0.0
-37.674,0.0
-37.664,0.0
-37.653999999999996,0.0
-37.644,0.0
-37.634,0.0
-37.623999999999995,0.0
-37.614000000000004,0.0
-37.604,0.0
-37.594,0.0
-37.584,0.0
-37.574,0.0
-37.564,0.0
-37.554,0.0
-37.544,0.0
-37.534,0.0
-37.524,0.0
-37.513999999999996,0.0
-37.504000000000005,0.0
-37.494,0.0
-37.484,0.0
-37.474000000000004,0.0
-37.464,0.0
-37.454,0.0
-37.444,0.0
-37.434,0.0
-37.424,0.0
-37.414,0.0
-37.403999999999996,0.0
-37.394,0.0
-37.384,0.0
-37.373999999999995,0.0
-37.364000000000004,0.0
-37.354,0.0
-37.344,0.0
-37.334,0.0
-37.324,0.0
-37.314,0.0
-37.304,0.0
-37.294,0.0
-37.284,0.0
-37.274,0.0
-37.263999999999996,0.0
-37.254000000000005,0.0
-37.244,0.0
-37.234,0.0
-37.224000000000004,0.0
-37.214,0.0
-37.204,0.0
-37.194,0.0
-37.184,0.0
-37.174,0.0
-37.164,0.0
-37.153999999999996,0.0
-37.144,0.0
-37.134,0.0
-37.123999999999995,0.0
-37.114000000000004,3.84e-16
-37.104,8.06e-16
-37.094,1.672e-15
-37.084,3.42e-15
-37.074,6.96e-15
-37.064,1.396e-14
-37.054,2.78e-14
-37.044,5.98e-14
-37.034,1.28e-13
-37.024,2.5e-13
-37.013999999999996,4.82e-13
-37.004000000000005,9.22e-13
-36.994,1.746e-12
-36.984,3.28e-12
-36.974000000000004,6.08e-12
-36.964,1.12e-11
-36.954,2.04e-11
-36.944,3.68e-11
-36.934,6.6e-11
-36.924,1.17e-10
-36.914,2.06e-10
-36.903999999999996,3.58e-10
-36.894,6.16e-10
-36.884,1.052e-09
-36.873999999999995,1.78e-09
-36.864000000000004,2.98e-09
-36.854,4.96e-09
-36.844,8.16e-09
-36.834,1.332e-08
-36.824,2.16e-08
-36.814,3.46e-08
-36.804,5.48e-08
-36.794,8.62e-08
-36.784,1.342e-07
-36.774,2.08e-07
-36.763999999999996,3.18e-07
-36.754000000000005,4.82e-07
-36.744,7.22e-07
-36.734,1.076e-06
-36.724000000000004,1.586e-06
-36.714,2.32e-06
-36.704,3.36e-06
-36.694,4.8e-06
-36.684,6.82e-06
-36.674,9.6e-06
-36.664,1.338e-05
-36.653999999999996,1.848e-05
-36.644,2.52e-05
-36.634,3.42e-05
-36.623999999999995,4.6e-05
-36.614000000000004,6.1e-05
-36.604,8.04e-05
-36.594,0.0001048
-36.584,0.0001354
-36.574,0.0001732
-36.564,0.00022
-36.554,0.000276
-36.544,0.000344
-36.534,0.000424
-36.524,0.00052
-36.513999999999996,0.00063
-36.504000000000005,0.000758
-36.494,0.000904
-36.484,0.00107
-36.474000000000004,0.001256
-36.464,0.001464
-36.454,0.001692
-36.444,0.001944
-36.434,0.00222
-36.424,0.00252
-36.414,0.00282
-36.403999999999996,0.00316
-36.394,0.00352
-36.384,0.00388
-36.373999999999995,0.00426
-36.364000000000004,0.00466
-36.354,0.00504
-36.344,0.00544
-36.334,0.00584
-36.324,0.00622
-36.314,0.00658
-36.304,0.00692
-36.294,0.00724
-36.284,0.0075
-36.274,0.00772
-36.263999999999996,0.0079
-36.254000000000005,0.00802
-36.244,0.00806
-36.234,0.00804
-36.224000000000004,0.00796
-36.214,0.0078
-36.204,0.00758
-36.194,0.00732
-36.184,0.00698
-36.174,0.0066
-36.164,0.00618
-36.153999999999996,0.00572
-36.144,0.00526
-36.134,0.00478
-36.123999999999995,0.0043
-36.114000000000004,0.00384
-36.104,0.00338
-36.094,0.00296
-36.084,0.00254
-36.074,0.00218
-36.064,0.001844
-36.054,0.001544
-36.044,0.00128
-36.034,0.001048
-36.024,0.00085
-36.013999999999996,0.000682
-36.004000000000005,0.000542
-35.994,0.000426
-35.984,0.000332
-35.974000000000004,0.000254
-35.964,0.0001938
-35.954,0.000146
-35.944,0.0001088
-35.934,8.02e-05
-35.924,5.84e-05
-35.914,4.22e-05
-35.903999999999996,3e-05
-35.894,2.12e-05
-35.884,1.484e-05
-35.873999999999995,1.026e-05
-35.864000000000004,7.02e-06
-35.854,4.74e-06
-35.844,3.18e-06
-35.834,2.1e-06
-35.824,1.376e-06
-35.814,8.92e-07
-35.804,5.72e-07
-35.794,3.62e-07
-35.784,2.28e-07
-35.774,1.414e-07
-35.763999999999996,8.68e-08
-35.754000000000005,5.28e-08
-35.744,3.18e-08
-35.734,1.888e-08
-35.724000000000004,1.11e-08
-35.714,6.46e-09
-35.704,3.72e-09
-35.694,2.12e-09
-35.684,1.198e-09
-35.674,6.68e-10
-35.664,3.68e-10
-35.653999999999996,2.02e-10
-35.644,1.088e-10
-35.634,5.82e-11
-35.623999999999995,3.08e-11
-35.614000000000004,1.61e-11
-35.604,8.34e-12
-35.594,4.28e-12
-35.584,2.16e-12
-35.574,1.086e-12
-35.564,5.38e-13
-35.554,2.64e-13
-35.544,1.284e-13
-35.534,6.18e-14
-35.524,4.64e-15
-35.513999999999996,2.24e-15
-35.504000000000005,1.08e-15
-35.494,5.14e-16
-35.484,4.48e-19
-35.474000000000004,2.16e-19
-35.464,8.44e-21
-35.454,4.44e-21
-35.444,2.3e-21
-35.434,1.186e-21
-35.424,6.04e-22
-35.414,3.04e-22
-35.403999999999996,1.516e-22
-35.394,7.48e-23
-35.384,3.66e-23
-35.373999999999995,1.768e-23
-35.364000000000004,1.892e-24
-35.354,9.32e-25
-35.344,4.54e-25
-35.334,2.2e-25
-35.324,1.046e-25
-35.314,0.0
-35.304,0.0
-35.294,0.0
-35.284,0.0
-35.274,0.0
-35.263999999999996,0.0
-35.254000000000005,0.0
-35.244,0.0
-35.234,0.0
-35.224000000000004,0.0
-35.214,0.0
-35.204,0.0
-35.194,0.0
-35.184,0.0
-35.174,0.0
-35.164,0.0
-35.153999999999996,0.0
-35.144,0.0
-35.134,0.0
-35.123999999999995,0.0
-35.114000000000004,0.0
-35.104,0.0
-35.094,0.0
-35.084,0.0
-35.074,0.0
-35.064,0.0
-35.054,0.0
-35.044,0.0
-35.034,0.0
-35.024,0.0
-35.013999999999996,0.0
-35.004000000000005,0.0
-34.994,0.0
-34.984,0.0
-34.974000000000004,0.0
-34.964,0.0
-34.954,0.0
-34.944,0.0
-34.934,0.0
-34.924,0.0
-34.914,0.0
-34.903999999999996,0.0
-34.894,0.0
-34.884,0.0
-34.873999999999995,0.0
-34.864000000000004,0.0
-34.854,0.0
-34.844,0.0
-34.834,0.0
-34.824,0.0
-34.814,0.0
-34.804,0.0
-34.794,0.0
-34.784,0.0
-34.774,0.0
-34.763999999999996,0.0
-34.754000000000005,0.0
-34.744,0.0
-34.734,0.0
-34.724000000000004,0.0
-34.714,0.0
-34.704,0.0
-34.694,0.0
-34.684,0.0
-34.674,0.0
-34.664,0.0
-34.653999999999996,0.0
-34.644,0.0
-34.634,0.0
-34.623999999999995,0.0
-34.614000000000004,0.0
-34.604,0.0
-34.594,0.0
-34.584,0.0
-34.574,0.0
-34.564,0.0
-34.554,0.0
-34.544,0.0
-34.534,0.0
-34.524,0.0
-34.513999999999996,0.0
-34.504000000000005,0.0
-34.494,0.0
-34.484,0.0
-34.474000000000004,0.0
-34.464,0.0
-34.454,0.0
-34.444,0.0
-34.434,0.0
-34.424,0.0
-34.414,0.0
-34.403999999999996,0.0
-34.394,0.0
-34.384,0.0
-34.373999999999995,0.0
-34.364000000000004,0.0
-34.354,0.0
-34.344,0.0
-34.334,0.0
-34.324,0.0
-34.314,0.0
-34.304,0.0
-34.294,0.0
-34.284,0.0
-34.274,0.0
-34.263999999999996,0.0
-34.254000000000005,0.0
-34.244,0.0
-34.234,0.0
-34.224000000000004,0.0
-34.214,0.0
-34.204,0.0
-34.194,0.0
-34.184,0.0
-34.174,0.0
-34.164,0.0
-34.153999999999996,0.0
-34.144,0.0
-34.134,0.0
-34.123999999999995,0.0
-34.114000000000004,0.0
-34.104,0.0
-34.094,0.0
-34.084,0.0
-34.074,0.0
-34.064,0.0
-34.054,0.0
-34.044,0.0
-34.034,0.0
-34.024,0.0
-34.013999999999996,0.0
-34.004000000000005,0.0
-33.994,0.0
-33.984,0.0
-33.974000000000004,0.0
-33.964,0.0
-33.954,0.0
-33.944,0.0
-33.934,0.0
-33.924,0.0
-33.914,0.0
-33.903999999999996,0.0
-33.894,0.0
-33.884,0.0
-33.873999999999995,0.0
-33.864000000000004,0.0
-33.854,0.0
-33.844,0.0
-33.834,0.0
-33.824,0.0
-33.814,0.0
-33.804,0.0
-33.794,0.0
-33.784,0.0
-33.774,0.0
-33.763999999999996,0.0
-33.754000000000005,0.0
-33.744,0.0
-33.734,0.0
-33.724000000000004,0.0
-33.714,0.0
-33.704,0.0
-33.694,0.0
-33.684,0.0
-33.674,0.0
-33.664,0.0
-33.653999999999996,0.0
-33.644,0.0
-33.634,0.0
-33.623999999999995,0.0
-33.614000000000004,0.0
-33.604,0.0
-33.594,0.0
-33.584,0.0
-33.574,0.0
-33.564,0.0
-33.554,0.0
-33.544,0.0
-33.534,0.0
-33.524,0.0
-33.513999999999996,0.0
-33.504000000000005,0.0
-33.494,0.0
-33.484,0.0
-33.474000000000004,0.0
-33.464,0.0
-33.454,0.0
-33.444,0.0
-33.434,0.0
-33.424,0.0
-33.414,0.0
-33.403999999999996,0.0
-33.394,0.0
-33.384,0.0
-33.373999999999995,0.0
-33.364000000000004,0.0
-33.354,0.0
-33.344,0.0
-33.334,0.0
-33.324,0.0
-33.314,0.0
-33.304,0.0
-33.294,0.0
-33.284,0.0
-33.274,0.0
-33.263999999999996,0.0
-33.254000000000005,0.0
-33.244,0.0
-33.234,0.0
-33.224000000000004,0.0
-33.214,0.0
-33.204,0.0
-33.194,0.0
-33.184,0.0
-33.174,0.0
-33.164,0.0
-33.153999999999996,0.0
-33.144,0.0
-33.134,0.0
-33.123999999999995,0.0
-33.114000000000004,0.0
-33.104,0.0
-33.094,0.0
-33.084,0.0
-33.074,0.0
-33.064,0.0
-33.054,0.0
-33.044,0.0
-33.034,0.0
-33.024,0.0
-33.013999999999996,0.0
-33.004000000000005,0.0
-32.994,0.0
-32.984,0.0
-32.974000000000004,0.0
-32.964,0.0
-32.954,0.0
-32.944,0.0
-32.934,0.0
-32.924,0.0
-32.914,0.0
-32.903999999999996,0.0
-32.894,0.0
-32.884,0.0
-32.873999999999995,0.0
-32.864000000000004,0.0
-32.854,0.0
-32.844,0.0
-32.834,0.0
-32.824,0.0
-32.814,0.0
-32.804,0.0
-32.794,0.0
-32.784,0.0
-32.774,0.0
-32.763999999999996,0.0
-32.754000000000005,0.0
-32.744,0.0
-32.734,0.0
-32.724000000000004,0.0
-32.714,0.0
-32.704,0.0
-32.694,0.0
-32.684,0.0
-32.674,0.0
-32.664,0.0
-32.653999999999996,0.0
-32.644,0.0
-32.634,0.0
-32.623999999999995,0.0
-32.614000000000004,0.0
-32.604,0.0
-32.594,0.0
-32.584,0.0
-32.574,0.0
-32.564,0.0
-32.554,0.0
-32.544,0.0
-32.534,0.0
-32.524,0.0
-32.513999999999996,0.0
-32.504000000000005,0.0
-32.494,0.0
-32.484,0.0
-32.474000000000004,0.0
-32.464,0.0
-32.454,0.0
-32.444,0.0
-32.434,0.0
-32.424,0.0
-32.414,0.0
-32.403999999999996,0.0
-32.394,0.0
-32.384,0.0
-32.373999999999995,0.0
-32.364000000000004,0.0
-32.354,0.0
-32.344,0.0
-32.334,0.0
-32.324,0.0
-32.314,0.0
-32.304,0.0
-32.294,0.0
-32.284,0.0
-32.274,0.0
-32.263999999999996,0.0
-32.254000000000005,0.0
-32.244,0.0
-32.234,0.0
-32.224000000000004,0.0
-32.214,0.0
-32.204,0.0
-32.194,0.0
-32.184,0.0
-32.174,0.0
-32.164,0.0
-32.153999999999996,0.0
-32.144,0.0
-32.134,0.0
-32.123999999999995,0.0
-32.114000000000004,0.0
-32.104,0.0
-32.094,0.0
-32.084,0.0
-32.074,0.0
-32.064,0.0
-32.054,0.0
-32.044,0.0
-32.034,0.0
-32.024,0.0
-32.013999999999996,0.0
-32.004000000000005,0.0
-31.994,0.0
-31.984,0.0
-31.974,0.0
-31.964,0.0
-31.954,0.0
-31.944,0.0
-31.934,0.0
-31.924,0.0
-31.914,0.0
-31.904,0.0
-31.894,0.0
-31.884,0.0
-31.874,0.0
-31.864,0.0
-31.854,0.0
-31.844,0.0
-31.834,0.0
-31.824,0.0
-31.814,0.0
-31.804,0.0
-31.794,0.0
-31.784,0.0
-31.774,0.0
-31.764,0.0
-31.754,0.0
-31.744,0.0
-31.734,0.0
-31.724,0.0
-31.714,0.0
-31.704,0.0
-31.694,0.0
-31.684,0.0
-31.674,0.0
-31.664,0.0
-31.654,0.0
-31.644,0.0
-31.634,0.0
-31.624,0.0
-31.614,0.0
-31.604,0.0
-31.594,0.0
-31.584,0.0
-31.574,0.0
-31.564,0.0
-31.554,0.0
-31.544,0.0
-31.534,0.0
-31.524,0.0
-31.514,0.0
-31.504,0.0
-31.494,0.0
-31.484,0.0
-31.474,0.0
-31.464,0.0
-31.454,0.0
-31.444,0.0
-31.434,0.0
-31.424,0.0
-31.414,0.0
-31.404,0.0
-31.394,0.0
-31.384,0.0
-31.374,0.0
-31.364,0.0
-31.354,0.0
-31.344,0.0
-31.334,0.0
-31.324,0.0
-31.314,0.0
-31.304,0.0
-31.294,0.0
-31.284,0.0
-31.274,0.0
-31.264,0.0
-31.254,0.0
-31.244,0.0
-31.234,0.0
-31.224,0.0
-31.214,0.0
-31.204,0.0
-31.194,0.0
-31.184,0.0
-31.174,0.0
-31.164,0.0
-31.154,0.0
-31.144,0.0
-31.134,0.0
-31.124,0.0
-31.114,0.0
-31.104,0.0
-31.094,0.0
-31.084,0.0
-31.074,0.0
-31.064,0.0
-31.054,0.0
-31.044,0.0
-31.034,0.0
-31.024,0.0
-31.014,0.0
-31.004,0.0
-30.994,0.0
-30.984,0.0
-30.974,0.0
-30.964,0.0
-30.954,0.0
-30.944,0.0
-30.934,0.0
-30.924,0.0
-30.914,0.0
-30.904,0.0
-30.894,0.0
-30.884,0.0
-30.874,0.0
-30.864,0.0
-30.854,0.0
-30.844,0.0
-30.834,0.0
-30.824,0.0
-30.814,0.0
-30.804,0.0
-30.794,0.0
-30.784,0.0
-30.774,0.0
-30.764,0.0
-30.754,0.0
-30.744,0.0
-30.734,0.0
-30.724,0.0
-30.714,0.0
-30.704,0.0
-30.694,0.0
-30.684,0.0
-30.674,0.0
-30.664,0.0
-30.654,0.0
-30.644,0.0
-30.634,0.0
-30.624,0.0
-30.614,0.0
-30.604,0.0
-30.594,0.0
-30.584,0.0
-30.574,0.0
-30.564,0.0
-30.554,0.0
-30.544,0.0
-30.534,0.0
-30.524,0.0
-30.514,0.0
-30.504,0.0
-30.494,0.0
-30.484,0.0
-30.474,0.0
-30.464,0.0
-30.454,0.0
-30.444,0.0
-30.434,0.0
-30.424,0.0
-30.414,0.0
-30.404,0.0
-30.394,0.0
-30.384,0.0
-30.374,0.0
-30.364,0.0
-30.354,0.0
-30.344,0.0
-30.334,0.0
-30.324,0.0
-30.314,0.0
-30.304,0.0
-30.294,0.0
-30.284,0.0
-30.274,0.0
-30.264,0.0
-30.254,0.0
-30.244,0.0
-30.234,0.0
-30.224,0.0
-30.214,0.0
-30.204,0.0
-30.194,0.0
-30.184,0.0
-30.174,0.0
-30.164,0.0
-30.154,0.0
-30.144,0.0
-30.134,0.0
-30.124,0.0
-30.114,0.0
-30.104,0.0
-30.094,0.0
-30.084,0.0
-30.074,0.0
-30.064,0.0
-30.054,0.0
-30.044,0.0
-30.034,0.0
-30.024,0.0
-30.014,0.0
-30.004,0.0
-29.994,0.0
-29.984,0.0
-29.974,0.0
-29.964,0.0
-29.954,0.0
-29.944,0.0
-29.934,0.0
-29.924,0.0
-29.914,0.0
-29.904,0.0
-29.894,0.0
-29.884,0.0
-29.874,0.0
-29.864,0.0
-29.854,0.0
-29.844,0.0
-29.834,0.0
-29.824,0.0
-29.814,0.0
-29.804,0.0
-29.794,0.0
-29.784,0.0
-29.774,0.0
-29.764,0.0
-29.754,0.0
-29.744,0.0
-29.734,0.0
-29.724,0.0
-29.714,0.0
-29.704,0.0
-29.694,0.0
-29.684,0.0
-29.674,0.0
-29.664,0.0
-29.654,0.0
-29.644,0.0
-29.634,0.0
-29.624,0.0
-29.614,0.0
-29.604,0.0
-29.594,0.0
-29.584,0.0
-29.574,0.0
-29.564,0.0
-29.554,0.0
-29.544,0.0
-29.534,0.0
-29.524,0.0
-29.514,0.0
-29.504,0.0
-29.494,0.0
-29.484,0.0
-29.474,0.0
-29.464,0.0
-29.454,0.0
-29.444,0.0
-29.434,0.0
-29.424,0.0
-29.414,0.0
-29.404,0.0
-29.394,0.0
-29.384,0.0
-29.374,0.0
-29.364,0.0
-29.354,0.0
-29.344,0.0
-29.334,0.0
-29.324,0.0
-29.314,0.0
-29.304,0.0
-29.294,0.0
-29.284,0.0
-29.274,0.0
-29.264,0.0
-29.254,0.0
-29.244,0.0
-29.234,0.0
-29.224,0.0
-29.214,0.0
-29.204,0.0
-29.194,0.0
-29.184,0.0
-29.174,0.0
-29.164,0.0
-29.154,0.0
-29.144,0.0
-29.134,0.0
-29.124,0.0
-29.114,0.0
-29.104,0.0
-29.094,0.0
-29.084,0.0
-29.074,0.0
-29.064,0.0
-29.054,0.0
-29.044,0.0
-29.034,0.0
-29.024,0.0
-29.014,0.0
-29.004,0.0
-28.994,0.0
-28.984,0.0
-28.974,0.0
-28.964,0.0
-28.954,0.0
-28.944,0.0
-28.934,0.0
-28.924,0.0
-28.914,0.0
-28.904,0.0
-28.894,0.0
-28.884,0.0
-28.874,0.0
-28.864,0.0
-28.854,0.0
-28.844,0.0
-28.834,0.0
-28.824,0.0
-28.814,0.0
-28.804,0.0
-28.794,0.0
-28.784,0.0
-28.774,0.0
-28.764,0.0
-28.754,0.0
-28.744,0.0
-28.734,0.0
-28.724,0.0
-28.714,0.0
-28.704,0.0
-28.694,0.0
-28.684,0.0
-28.674,0.0
-28.664,0.0
-28.654,0.0
-28.644,0.0
-28.634,0.0
-28.624,0.0
-28.614,0.0
-28.604,0.0
-28.594,0.0
-28.584,0.0
-28.574,0.0
-28.564,0.0
-28.554,0.0
-28.544,0.0
-28.534,0.0
-28.524,0.0
-28.514,0.0
-28.504,0.0
-28.494,0.0
-28.484,0.0
-28.474,0.0
-28.464,0.0
-28.454,0.0
-28.444,0.0
-28.434,0.0
-28.424,0.0
-28.414,0.0
-28.404,0.0
-28.394,0.0
-28.384,0.0
-28.374,0.0
-28.364,0.0
-28.354,0.0
-28.344,0.0
-28.334,0.0
-28.324,0.0
-28.314,0.0
-28.304,0.0
-28.294,0.0
-28.284,0.0
-28.274,0.0
-28.264,0.0
-28.254,0.0
-28.244,0.0
-28.234,0.0
-28.224,0.0
-28.214,0.0
-28.204,0.0
-28.194,0.0
-28.184,0.0
-28.174,0.0
-28.164,0.0
-28.154,0.0
-28.144,0.0
-28.134,0.0
-28.124,0.0
-28.114,0.0
-28.104,0.0
-28.094,0.0
-28.084,0.0
-28.074,0.0
-28.064,0.0
-28.054,0.0
-28.044,0.0
-28.034,0.0
-28.024,0.0
-28.014,0.0
-28.004,0.0
-27.994,0.0
-27.984,0.0
-27.974,0.0
-27.964,0.0
-27.954,0.0
-27.944,0.0
-27.934,0.0
-27.924,0.0
-27.914,0.0
-27.904,0.0
-27.894,0.0
-27.884,0.0
-27.874000000000002,0.0
-27.864,0.0
-27.854,0.0
-27.844,0.0
-27.834,0.0
-27.823999999999998,0.0
-27.814,0.0
-27.804000000000002,0.0
-27.794,0.0
-27.784,0.0
-27.774,0.0
-27.764,0.0
-27.753999999999998,0.0
-27.744,0.0
-27.734,0.0
-27.724,0.0
-27.714,0.0
-27.704,0.0
-27.694000000000003,0.0
-27.683999999999997,0.0
-27.674,0.0
-27.664,0.0
-27.654,0.0
-27.644,0.0
-27.634,0.0
-27.624000000000002,0.0
-27.614,0.0
-27.604,0.0
-27.594,0.0
-27.584,0.0
-27.573999999999998,0.0
-27.564,0.0
-27.554000000000002,0.0
-27.544,0.0
-27.534,0.0
-27.524,0.0
-27.514,0.0
-27.503999999999998,0.0
-27.494,0.0
-27.484,0.0
-27.474,0.0
-27.464,0.0
-27.454,0.0
-27.444000000000003,0.0
-27.433999999999997,0.0
-27.424,0.0
-27.414,0.0
-27.404,0.0
-27.394,0.0
-27.384,0.0
-27.374000000000002,0.0
-27.364,0.0
-27.354,0.0
-27.344,0.0
-27.334,0.0
-27.323999999999998,0.0
-27.314,0.0
-27.304000000000002,0.0
-27.294,0.0
-27.284,0.0
-27.274,0.0
-27.264,0.0
-27.253999999999998,0.0
-27.244,0.0
-27.234,0.0
-27.224,0.0
-27.214,0.0
-27.204,0.0
-27.194000000000003,0.0
-27.183999999999997,0.0
-27.174,0.0
-27.164,0.0
-27.154,0.0
-27.144,0.0
-27.134,0.0
-27.124000000000002,0.0
-27.114,0.0
-27.104,0.0
-27.094,0.0
-27.084,0.0
-27.073999999999998,0.0
-27.064,0.0
-27.054000000000002,0.0
-27.044,0.0
-27.034,0.0
-27.024,0.0
-27.014,0.0
-27.003999999999998,0.0
-26.994,0.0
-26.984,0.0
-26.974,0.0
-26.964,0.0
-26.954,0.0
-26.944000000000003,0.0
-26.933999999999997,0.0
-26.924,0.0
-26.914,0.0
-26.904,0.0
-26.894,0.0
-26.884,0.0
-26.874000000000002,0.0
-26.864,0.0
-26.854,0.0
-26.844,0.0
-26.834,0.0
-26.823999999999998,0.0
-26.814,0.0
-26.804000000000002,0.0
-26.794,0.0
-26.784,0.0
-26.774,0.0
-26.764,0.0
-26.753999999999998,0.0
-26.744,0.0
-26.734,0.0
-26.724,0.0
-26.714,0.0
-26.704,0.0
-26.694000000000003,0.0
-26.683999999999997,0.0
-26.674,0.0
-26.664,0.0
-26.654,0.0
-26.644,0.0
-26.634,0.0
-26.624000000000002,0.0
-26.614,0.0
-26.604,0.0
-26.594,0.0
-26.584,0.0
-26.573999999999998,0.0
-26.564,0.0
-26.554000000000002,0.0
-26.544,0.0
-26.534,0.0
-26.524,0.0
-26.514,0.0
-26.503999999999998,0.0
-26.494,0.0
-26.484,0.0
-26.474,0.0
-26.464,0.0
-26.454,0.0
-26.444000000000003,0.0
-26.433999999999997,0.0
-26.424,0.0
-26.414,0.0
-26.404,0.0
-26.394,0.0
-26.384,0.0
-26.374000000000002,0.0
-26.364,0.0
-26.354,0.0
-26.344,0.0
-26.334,0.0
-26.323999999999998,0.0
-26.314,0.0
-26.304000000000002,0.0
-26.294,0.0
-26.284,0.0
-26.274,0.0
-26.264,0.0
-26.253999999999998,0.0
-26.244,0.0
-26.234,0.0
-26.224,0.0
-26.214,0.0
-26.204,0.0
-26.194000000000003,0.0
-26.183999999999997,0.0
-26.174,0.0
-26.164,0.0
-26.154,0.0
-26.144,0.0
-26.134,0.0
-26.124000000000002,0.0
-26.114,0.0
-26.104,0.0
-26.094,0.0
-26.084,0.0
-26.073999999999998,0.0
-26.064,0.0
-26.054000000000002,0.0
-26.044,0.0
-26.034,0.0
-26.024,0.0
-26.014,0.0
-26.003999999999998,0.0
-25.994,0.0
-25.984,0.0
-25.974,0.0
-25.964,0.0
-25.954,0.0
-25.944000000000003,0.0
-25.933999999999997,0.0
-25.924,0.0
-25.914,0.0
-25.904,0.0
-25.894,0.0
-25.884,0.0
-25.874000000000002,0.0
-25.864,0.0
-25.854,0.0
-25.844,0.0
-25.834,0.0
-25.823999999999998,0.0
-25.814,0.0
-25.804000000000002,0.0
-25.794,0.0
-25.784,0.0
-25.774,0.0
-25.764,0.0
-25.753999999999998,0.0
-25.744,0.0
-25.734,0.0
-25.724,0.0
-25.714,0.0
-25.704,0.0
-25.694000000000003,0.0
-25.683999999999997,0.0
-25.674,0.0
-25.664,0.0
-25.654,0.0
-25.644,0.0
-25.634,0.0
-25.624000000000002,0.0
-25.614,0.0
-25.604,0.0
-25.594,0.0
-25.584,0.0
-25.573999999999998,0.0
-25.564,0.0
-25.554000000000002,0.0
-25.544,0.0
-25.534,0.0
-25.524,0.0
-25.514,0.0
-25.503999999999998,0.0
-25.494,0.0
-25.484,0.0
-25.474,0.0
-25.464,0.0
-25.454,0.0
-25.444000000000003,0.0
-25.433999999999997,0.0
-25.424,0.0
-25.414,0.0
-25.404,0.0
-25.394,0.0
-25.384,0.0
-25.374000000000002,0.0
-25.364,0.0
-25.354,0.0
-25.344,0.0
-25.334,0.0
-25.323999999999998,0.0
-25.314,0.0
-25.304000000000002,0.0
-25.294,0.0
-25.284,0.0
-25.274,0.0
-25.264,0.0
-25.253999999999998,0.0
-25.244,0.0
-25.234,0.0
-25.224,0.0
-25.214,0.0
-25.204,0.0
-25.194000000000003,0.0
-25.183999999999997,0.0
-25.174,0.0
-25.164,0.0
-25.154,0.0
-25.144,0.0
-25.134,0.0
-25.124000000000002,0.0
-25.114,0.0
-25.104,0.0
-25.094,0.0
-25.084,0.0
-25.073999999999998,0.0
-25.064,0.0
-25.054000000000002,0.0
-25.044,0.0
-25.034,0.0
-25.024,0.0
-25.014,0.0
-25.003999999999998,0.0
-24.994,0.0
-24.984,0.0
-24.974,0.0
-24.964,0.0
-24.954,0.0
-24.944000000000003,0.0
-24.933999999999997,0.0
-24.924,0.0
-24.914,0.0
-24.904,0.0
-24.894,0.0
-24.884,0.0
-24.874000000000002,0.0
-24.864,0.0
-24.854,0.0
-24.844,0.0
-24.834,0.0
-24.823999999999998,0.0
-24.814,0.0
-24.804000000000002,0.0
-24.794,0.0
-24.784,0.0
-24.774,0.0
-24.764,0.0
-24.753999999999998,0.0
-24.744,0.0
-24.734,0.0
-24.724,0.0
-24.714,0.0
-24.704,0.0
-24.694000000000003,0.0
-24.683999999999997,0.0
-24.674,0.0
-24.664,0.0
-24.654,0.0
-24.644,0.0
-24.634,0.0
-24.624000000000002,0.0
-24.614,0.0
-24.604,0.0
-24.594,0.0
-24.584,0.0
-24.573999999999998,0.0
-24.564,0.0
-24.554000000000002,0.0
-24.544,0.0
-24.534,0.0
-24.524,0.0
-24.514,0.0
-24.503999999999998,0.0
-24.494,0.0
-24.484,0.0
-24.474,0.0
-24.464,0.0
-24.454,0.0
-24.444000000000003,0.0
-24.433999999999997,0.0
-24.424,0.0
-24.414,0.0
-24.404,0.0
-24.394,0.0
-24.384,0.0
-24.374000000000002,0.0
-24.364,0.0
-24.354,0.0
-24.344,0.0
-24.334,0.0
-24.323999999999998,0.0
-24.314,0.0
-24.304000000000002,0.0
-24.294,0.0
-24.284,0.0
-24.274,0.0
-24.264,0.0
-24.253999999999998,0.0
-24.244,0.0
-24.234,0.0
-24.224,0.0
-24.214,0.0
-24.204,0.0
-24.194000000000003,0.0
-24.183999999999997,0.0
-24.174,0.0
-24.164,0.0
-24.154,0.0
-24.144,0.0
-24.134,0.0
-24.124000000000002,0.0
-24.114,0.0
-24.104,0.0
-24.094,0.0
-24.084,0.0
-24.073999999999998,0.0
-24.064,0.0
-24.054000000000002,0.0
-24.044,0.0
-24.034,0.0
-24.024,0.0
-24.014,0.0
-24.003999999999998,0.0
-23.994,0.0
-23.984,0.0
-23.974,0.0
-23.964,0.0
-23.954,0.0
-23.944000000000003,0.0
-23.933999999999997,0.0
-23.924,0.0
-23.914,0.0
-23.904,0.0
-23.894,0.0
-23.884,0.0
-23.874000000000002,0.0
-23.864,0.0
-23.854,0.0
-23.844,0.0
-23.834,0.0
-23.823999999999998,0.0
-23.814,0.0
-23.804000000000002,0.0
-23.794,0.0
-23.784,0.0
-23.774,0.0
-23.764,0.0
-23.753999999999998,0.0
-23.744,0.0
-23.734,0.0
-23.724,0.0
-23.714,0.0
-23.704,0.0
-23.694000000000003,0.0
-23.683999999999997,0.0
-23.674,0.0
-23.664,0.0
-23.654,0.0
-23.644,0.0
-23.634,0.0
-23.624000000000002,0.0
-23.614,0.0
-23.604,0.0
-23.594,0.0
-23.584,0.0
-23.573999999999998,0.0
-23.564,0.0
-23.554000000000002,0.0
-23.544,0.0
-23.534,0.0
-23.524,0.0
-23.514,0.0
-23.503999999999998,0.0
-23.494,0.0
-23.484,0.0
-23.474,0.0
-23.464,0.0
-23.454,0.0
-23.444000000000003,0.0
-23.433999999999997,0.0
-23.424,0.0
-23.414,0.0
-23.404,0.0
-23.394,0.0
-23.384,0.0
-23.374000000000002,0.0
-23.364,0.0
-23.354,0.0
-23.344,0.0
-23.334,0.0
-23.323999999999998,0.0
-23.314,0.0
-23.304000000000002,0.0
-23.294,0.0
-23.284,0.0
-23.274,0.0
-23.264,0.0
-23.253999999999998,0.0
-23.244,0.0
-23.234,0.0
-23.224,0.0
-23.214,0.0
-23.204,0.0
-23.194000000000003,0.0
-23.183999999999997,0.0
-23.174,0.0
-23.164,0.0
-23.154,0.0
-23.144,0.0
-23.134,0.0
-23.124000000000002,0.0
-23.114,0.0
-23.104,0.0
-23.094,0.0
-23.084,0.0
-23.073999999999998,0.0
-23.064,0.0
-23.054000000000002,0.0
-23.044,0.0
-23.034,0.0
-23.024,0.0
-23.014,0.0
-23.003999999999998,0.0
-22.994,0.0
-22.984,0.0
-22.974,0.0
-22.964,0.0
-22.954,0.0
-22.944000000000003,0.0
-22.933999999999997,0.0
-22.924,0.0
-22.914,0.0
-22.904,0.0
-22.894,0.0
-22.884,0.0
-22.874000000000002,0.0
-22.864,0.0
-22.854,0.0
-22.844,0.0
-22.834,0.0
-22.823999999999998,0.0
-22.814,0.0
-22.804000000000002,0.0
-22.794,0.0
-22.784,0.0
-22.774,0.0
-22.764,0.0
-22.753999999999998,0.0
-22.744,0.0
-22.734,0.0
-22.724,0.0
-22.714,0.0
-22.704,0.0
-22.694000000000003,0.0
-22.683999999999997,0.0
-22.674,0.0
-22.664,0.0
-22.654,0.0
-22.644,0.0
-22.634,0.0
-22.624000000000002,0.0
-22.614,0.0
-22.604,0.0
-22.594,0.0
-22.584,0.0
-22.573999999999998,0.0
-22.564,0.0
-22.554000000000002,0.0
-22.544,0.0
-22.534,0.0
-22.524,0.0
-22.514,0.0
-22.503999999999998,0.0
-22.494,0.0
-22.484,0.0
-22.474,0.0
-22.464,0.0
-22.454,0.0
-22.444000000000003,0.0
-22.433999999999997,0.0
-22.424,0.0
-22.414,0.0
-22.404,0.0
-22.394,0.0
-22.384,0.0
-22.374000000000002,0.0
-22.364,0.0
-22.354,0.0
-22.344,0.0
-22.334,0.0
-22.323999999999998,0.0
-22.314,0.0
-22.304000000000002,0.0
-22.294,0.0
-22.284,0.0
-22.274,0.0
-22.264,0.0
-22.253999999999998,0.0
-22.244,0.0
-22.234,0.0
-22.224,0.0
-22.214,0.0
-22.204,0.0
-22.194000000000003,0.0
-22.183999999999997,0.0
-22.174,0.0
-22.164,0.0
-22.154,0.0
-22.144,0.0
-22.134,0.0
-22.124000000000002,0.0
-22.114,0.0
-22.104,0.0
-22.094,0.0
-22.084,0.0
-22.073999999999998,0.0
-22.064,0.0
-22.054000000000002,0.0
-22.044,0.0
-22.034,0.0
-22.024,0.0
-22.014,0.0
-22.003999999999998,0.0
-21.994,0.0
-21.984,0.0
-21.974,0.0
-21.964,0.0
-21.954,0.0
-21.944000000000003,0.0
-21.933999999999997,0.0
-21.924,0.0
-21.914,0.0
-21.904,0.0
-21.894,0.0
-21.884,0.0
-21.874000000000002,0.0
-21.864,0.0
-21.854,0.0
-21.844,0.0
-21.834,0.0
-21.823999999999998,0.0
-21.814,0.0
-21.804000000000002,0.0
-21.794,0.0
-21.784,0.0
-21.774,0.0
-21.764,0.0
-21.753999999999998,0.0
-21.744,0.0
-21.734,0.0
-21.724,0.0
-21.714,0.0
-21.704,0.0
-21.694000000000003,0.0
-21.683999999999997,0.0
-21.674,0.0
-21.664,0.0
-21.654,0.0
-21.644,0.0
-21.634,0.0
-21.624000000000002,0.0
-21.614,0.0
-21.604,0.0
-21.594,0.0
-21.584,0.0
-21.573999999999998,0.0
-21.564,0.0
-21.554000000000002,0.0
-21.544,0.0
-21.534,0.0
-21.524,0.0
-21.514,0.0
-21.503999999999998,0.0
-21.494,0.0
-21.484,0.0
-21.474,0.0
-21.464,0.0
-21.454,0.0
-21.444000000000003,0.0
-21.433999999999997,0.0
-21.424,0.0
-21.414,0.0
-21.404,0.0
-21.394,0.0
-21.384,0.0
-21.374000000000002,0.0
-21.364,0.0
-21.354,0.0
-21.344,0.0
-21.334,0.0
-21.323999999999998,0.0
-21.314,0.0
-21.304000000000002,0.0
-21.294,0.0
-21.284,0.0
-21.274,0.0
-21.264,0.0
-21.253999999999998,0.0
-21.244,0.0
-21.234,0.0
-21.224,0.0
-21.214,0.0
-21.204,0.0
-21.194000000000003,0.0
-21.183999999999997,0.0
-21.174,0.0
-21.164,0.0
-21.154,0.0
-21.144,0.0
-21.134,0.0
-21.124000000000002,0.0
-21.114,0.0
-21.104,0.0
-21.094,0.0
-21.084,0.0
-21.073999999999998,0.0
-21.064,0.0
-21.054000000000002,0.0
-21.044,0.0
-21.034,0.0
-21.024,0.0
-21.014,0.0
-21.003999999999998,0.0
-20.994,0.0
-20.984,0.0
-20.974,0.0
-20.964,0.0
-20.954,0.0
-20.944000000000003,0.0
-20.933999999999997,0.0
-20.924,0.0
-20.914,0.0
-20.904,0.0
-20.894,0.0
-20.884,0.0
-20.874000000000002,0.0
-20.864,0.0
-20.854,0.0
-20.844,0.0
-20.834,0.0
-20.823999999999998,0.0
-20.814,0.0
-20.804000000000002,0.0
-20.794,0.0
-20.784,0.0
-20.774,0.0
-20.764,0.0
-20.753999999999998,0.0
-20.744,0.0
-20.734,0.0
-20.724,0.0
-20.714,0.0
-20.704,0.0
-20.694000000000003,0.0
-20.683999999999997,0.0
-20.674,0.0
-20.664,0.0
-20.654,0.0
-20.644,0.0
-20.634,0.0
-20.624000000000002,0.0
-20.614,0.0
-20.604,0.0
-20.594,0.0
-20.584,0.0
-20.573999999999998,0.0
-20.564,0.0
-20.554000000000002,0.0
-20.544,0.0
-20.534,0.0
-20.524,0.0
-20.514,0.0
-20.503999999999998,0.0
-20.494,0.0
-20.484,0.0
-20.474,0.0
-20.464,0.0
-20.454,0.0
-20.444000000000003,0.0
-20.433999999999997,0.0
-20.424,0.0
-20.414,0.0
-20.404,0.0
-20.394,0.0
-20.384,0.0
-20.374000000000002,0.0
-20.364,0.0
-20.354,0.0
-20.344,0.0
-20.334,0.0
-20.323999999999998,0.0
-20.314,0.0
-20.304000000000002,0.0
-20.294,0.0
-20.284,0.0
-20.274,0.0
-20.264,0.0
-20.253999999999998,0.0
-20.244,0.0
-20.234,0.0
-20.224,0.0
-20.214,0.0
-20.204,0.0
-20.194000000000003,0.0
-20.183999999999997,0.0
-20.174,0.0
-20.164,0.0
-20.154,0.0
-20.144,0.0
-20.134,0.0
-20.124000000000002,0.0
-20.114,0.0
-20.104,0.0
-20.094,0.0
-20.084,0.0
-20.073999999999998,0.0
-20.064,0.0
-20.054000000000002,0.0
-20.044,0.0
-20.034,0.0
-20.024,0.0
-20.014,0.0
-20.003999999999998,0.0
-19.994,0.0
-19.984,0.0
-19.974,0.0
-19.964,0.0
-19.954,0.0
-19.944000000000003,0.0
-19.933999999999997,0.0
-19.924,0.0
-19.914,0.0
-19.904,0.0
-19.894,0.0
-19.884,0.0
-19.874000000000002,0.0
-19.864,0.0
-19.854,0.0
-19.844,0.0
-19.834,0.0
-19.823999999999998,0.0
-19.814,0.0
-19.804000000000002,0.0
-19.794,0.0
-19.784,0.0
-19.774,0.0
-19.764,0.0
-19.754,0.0
-19.744,0.0
-19.734,0.0
-19.724,0.0
-19.714,0.0
-19.704,0.0
-19.694,0.0
-19.684,0.0
-19.674,0.0
-19.664,0.0
-19.654,0.0
-19.644,0.0
-19.634,0.0
-19.624000000000002,0.0
-19.614,0.0
-19.604,0.0
-19.594,0.0
-19.584,0.0
-19.573999999999998,0.0
-19.564,0.0
-19.554000000000002,0.0
-19.544,0.0
-19.534,0.0
-19.524,0.0
-19.514,0.0
-19.504,0.0
-19.494,0.0
-19.484,0.0
-19.474,0.0
-19.464,0.0
-19.454,0.0
-19.444,0.0
-19.434,0.0
-19.424,0.0
-19.414,0.0
-19.404,0.0
-19.394,0.0
-19.384,0.0
-19.374000000000002,0.0
-19.364,0.0
-19.354,0.0
-19.344,0.0
-19.334,0.0
-19.323999999999998,0.0
-19.314,0.0
-19.304000000000002,0.0
-19.294,0.0
-19.284,0.0
-19.274,0.0
-19.264,0.0
-19.254,0.0
-19.244,0.0
-19.234,0.0
-19.224,0.0
-19.214,0.0
-19.204,0.0
-19.194,0.0
-19.184,0.0
-19.174,0.0
-19.164,0.0
-19.154,0.0
-19.144,0.0
-19.134,0.0
-19.124000000000002,0.0
-19.114,0.0
-19.104,0.0
-19.094,0.0
-19.084,0.0
-19.073999999999998,0.0
-19.064,0.0
-19.054000000000002,0.0
-19.044,0.0
-19.034,0.0
-19.024,0.0
-19.014,0.0
-19.004,0.0
-18.994,0.0
-18.984,0.0
-18.974,0.0
-18.964,0.0
-18.954,0.0
-18.944,0.0
-18.934,0.0
-18.924,0.0
-18.914,0.0
-18.904,0.0
-18.894,0.0
-18.884,0.0
-18.874000000000002,0.0
-18.864,0.0
-18.854,0.0
-18.844,0.0
-18.834,0.0
-18.823999999999998,0.0
-18.814,0.0
-18.804000000000002,0.0
-18.794,0.0
-18.784,0.0
-18.774,0.0
-18.764,0.0
-18.754,0.0
-18.744,0.0
-18.734,0.0
-18.724,0.0
-18.714,0.0
-18.704,0.0
-18.694,0.0
-18.684,0.0
-18.674,0.0
-18.664,0.0
-18.654,0.0
-18.644,0.0
-18.634,0.0
-18.624000000000002,0.0
-18.614,0.0
-18.604,0.0
-18.594,0.0
-18.584,0.0
-18.573999999999998,0.0
-18.564,0.0
-18.554000000000002,0.0
-18.544,0.0
-18.534,0.0
-18.524,0.0
-18.514,0.0
-18.504,0.0
-18.494,0.0
-18.484,0.0
-18.474,0.0
-18.464,0.0
-18.454,0.0
-18.444,0.0
-18.434,0.0
-18.424,0.0
-18.414,0.0
-18.404,0.0
-18.394,0.0
-18.384,0.0
-18.374000000000002,0.0
-18.364,0.0
-18.354,0.0
-18.344,0.0
-18.334,0.0
-18.323999999999998,0.0
-18.314,0.0
-18.304000000000002,0.0
-18.294,0.0
-18.284,0.0
-18.274,0.0
-18.264,0.0
-18.254,0.0
-18.244,0.0
-18.234,0.0
-18.224,0.0
-18.214,0.0
-18.204,0.0
-18.194,0.0
-18.184,0.0
-18.174,0.0
-18.164,0.0
-18.154,0.0
-18.144,0.0
-18.134,0.0
-18.124000000000002,0.0
-18.114,0.0
-18.104,0.0
-18.094,0.0
-18.084,0.0
-18.073999999999998,0.0
-18.064,0.0
-18.054000000000002,0.0
-18.044,0.0
-18.034,0.0
-18.024,0.0
-18.014,0.0
-18.004,0.0
-17.994,0.0
-17.984,0.0
-17.974,0.0
-17.964,0.0
-17.954,0.0
-17.944,0.0
-17.934,0.0
-17.924,0.0
-17.914,0.0
-17.904,0.0
-17.894,0.0
-17.884,0.0
-17.874000000000002,0.0
-17.864,0.0
-17.854,0.0
-17.844,0.0
-17.834,0.0
-17.823999999999998,0.0
-17.814,0.0
-17.804000000000002,0.0
-17.794,0.0
-17.784,0.0
-17.774,0.0
-17.764,0.0
-17.754,0.0
-17.744,0.0
-17.734,0.0
-17.724,0.0
-17.714,0.0
-17.704,0.0
-17.694,0.0
-17.684,0.0
-17.674,0.0
-17.664,0.0
-17.654,0.0
-17.644,0.0
-17.634,0.0
-17.624000000000002,0.0
-17.614,0.0
-17.604,0.0
-17.594,0.0
-17.584,0.0
-17.573999999999998,0.0
-17.564,0.0
-17.554000000000002,0.0
-17.544,0.0
-17.534,0.0
-17.524,0.0
-17.514,0.0
-17.504,0.0
-17.494,0.0
-17.484,0.0
-17.474,0.0
-17.464,0.0
-17.454,0.0
-17.444,0.0
-17.434,0.0
-17.424,0.0
-17.414,0.0
-17.404,0.0
-17.394,0.0
-17.384,0.0
-17.374000000000002,0.0
-17.364,0.0
-17.354,0.0
-17.344,0.0
-17.334,0.0
-17.323999999999998,0.0
-17.314,0.0
-17.304000000000002,0.0
-17.294,0.0
-17.284,0.0
-17.274,0.0
-17.264,0.0
-17.254,0.0
-17.244,0.0
-17.234,0.0
-17.224,0.0
-17.214,0.0
-17.204,0.0
-17.194,0.0
-17.184,0.0
-17.174,0.0
-17.164,0.0
-17.154,0.0
-17.144,0.0
-17.134,0.0
-17.124000000000002,0.0
-17.114,0.0
-17.104,0.0
-17.094,0.0
-17.084,0.0
-17.073999999999998,0.0
-17.064,0.0
-17.054000000000002,0.0
-17.044,0.0
-17.034,0.0
-17.024,0.0
-17.014,0.0
-17.004,0.0
-16.994,0.0
-16.984,0.0
-16.974,0.0
-16.964,0.0
-16.954,0.0
-16.944,0.0
-16.934,0.0
-16.924,0.0
-16.914,0.0
-16.904,0.0
-16.894,0.0
-16.884,0.0
-16.874000000000002,0.0
-16.864,0.0
-16.854,0.0
-16.844,0.0
-16.834,0.0
-16.823999999999998,0.0
-16.814,0.0
-16.804000000000002,0.0
-16.794,0.0
-16.784,0.0
-16.774,0.0
-16.764,0.0
-16.754,0.0
-16.744,0.0
-16.734,0.0
-16.724,0.0
-16.714,0.0
-16.704,0.0
-16.694,0.0
-16.684,0.0
-16.674,0.0
-16.664,0.0
-16.654,0.0
-16.644,0.0
-16.634,0.0
-16.624000000000002,0.0
-16.614,0.0
-16.604,0.0
-16.594,0.0
-16.584,0.0
-16.573999999999998,0.0
-16.564,0.0
-16.554000000000002,0.0
-16.544,0.0
-16.534,0.0
-16.524,0.0
-16.514,0.0
-16.504,0.0
-16.494,0.0
-16.484,0.0
-16.474,0.0
-16.464,0.0
-16.454,0.0
-16.444,0.0
-16.434,0.0
-16.424,0.0
-16.414,0.0
-16.404,0.0
-16.394,0.0
-16.384,0.0
-16.374000000000002,0.0
-16.364,0.0
-16.354,0.0
-16.344,0.0
-16.334,0.0
-16.323999999999998,2.52e-15
-16.314,5.28e-15
-16.304000000000002,1.09e-14
-16.294,2.58e-14
-16.284,5.26e-14
-16.274,1.056e-13
-16.264,2.1e-13
-16.254,4.14e-13
-16.244,8.06e-13
-16.234,1.554e-12
-16.224,2.96e-12
-16.214,5.58e-12
-16.204,1.044e-11
-16.194,1.928e-11
-16.184,3.52e-11
-16.174,6.38e-11
-16.164,1.14e-10
-16.154,2.02e-10
-16.144,3.54e-10
-16.134,6.14e-10
-16.124000000000002,1.052e-09
-16.114,1.786e-09
-16.104,3e-09
-16.094,4.98e-09
-16.084,8.2e-09
-16.073999999999998,1.334e-08
-16.064,2.14e-08
-16.054000000000002,3.42e-08
-16.044,5.4e-08
-16.034,8.42e-08
-16.024,1.298e-07
-16.014,1.984e-07
-16.004,3e-07
-15.994,4.48e-07
-15.984,6.64e-07
-15.974,9.74e-07
-15.964,1.412e-06
-15.954,2.02e-06
-15.943999999999999,2.88e-06
-15.934000000000001,4.04e-06
-15.924,5.62e-06
-15.914,7.74e-06
-15.904,1.054e-05
-15.894,1.42e-05
-15.884,1.894e-05
-15.874,2.5e-05
-15.864,3.28e-05
-15.854,4.24e-05
-15.844000000000001,5.42e-05
-15.834,6.86e-05
-15.824,8.62e-05
-15.814,0.000107
-15.804,0.0001316
-15.794,0.0001602
-15.784,0.000193
-15.774000000000001,0.00023
-15.764,0.000272
-15.754,0.000318
-15.744,0.00037
-15.734,0.000424
-15.724,0.000482
-15.714,0.000542
-15.704,0.000604
-15.693999999999999,0.000668
-15.684000000000001,0.000732
-15.674,0.000794
-15.664,0.000854
-15.654,0.000912
-15.644,0.000964
-15.634,0.001012
-15.624,0.001054
-15.614,0.001088
-15.604,0.001116
-15.594000000000001,0.001136
-15.584,0.001148
-15.574,0.001154
-15.564,0.001152
-15.554,0.001144
-15.544,0.00113
-15.534,0.00111
-15.524000000000001,0.001086
-15.514,0.00106
-15.504,0.00103
-15.494,0.000998
-15.484,0.000964
-15.474,0.000928
-15.464,0.000894
-15.454,0.000858
-15.443999999999999,0.000822
-15.434000000000001,0.000788
-15.424,0.000752
-15.414,0.000718
-15.404,0.000682
-15.394,0.000648
-15.384,0.000614
-15.374,0.000578
-15.364,0.000544
-15.354,0.00051
-15.344000000000001,0.000474
-15.334,0.00044
-15.324,0.000406
-15.314,0.000372
-15.304,0.000338
-15.294,0.000306
-15.284,0.000276
-15.274000000000001,0.000246
-15.264,0.000216
-15.254,0.0001904
-15.244,0.0001656
-15.234,0.000143
-15.224,0.0001224
-15.214,0.0001038
-15.204,8.74e-05
-15.193999999999999,7.28e-05
-15.184000000000001,6.02e-05
-15.174,4.94e-05
-15.164,4.04e-05
-15.154,3.28e-05
-15.144,2.66e-05
-15.134,2.2e-05
-15.124,1.856e-05
-15.114,1.644e-05
-15.104,1.566e-05
-15.094000000000001,1.634e-05
-15.084,1.874e-05
-15.074,2.32e-05
-15.064,3e-05
-15.054,4e-05
-15.044,5.4e-05
-15.034,7.3e-05
-15.024000000000001,9.82e-05
-15.014,0.0001312
-15.004,0.0001738
-14.994,0.000228
-14.984,0.000296
-14.974,0.000382
-14.964,0.000486
-14.954,0.000614
-14.943999999999999,0.000766
-14.934000000000001,0.000946
-14.924,0.001158
-14.914,0.001402
-14.904,0.001682
-14.894,0.001996
-14.884,0.00234
-14.874,0.00274
-14.864,0.00316
-14.854,0.0036
-14.844000000000001,0.00408
-14.834,0.00456
-14.824,0.00508
-14.814,0.00558
-14.804,0.0061
-14.794,0.00658
-14.784,0.00706
-14.774000000000001,0.0075
-14.764,0.00792
-14.754,0.00828
-14.744,0.00858
-14.734,0.00884
-14.724,0.00904
-14.714,0.00918
-14.704,0.00926
-14.693999999999999,0.0093
-14.684000000000001,0.00926
-14.674,0.00918
-14.664,0.00906
-14.654,0.0089
-14.644,0.0087
-14.634,0.00848
-14.624,0.00822
-14.614,0.00796
-14.604,0.00768
-14.594000000000001,0.0074
-14.584,0.0071
-14.574,0.00678
-14.564,0.00648
-14.554,0.00616
-14.544,0.00584
-14.534,0.00552
-14.524000000000001,0.0052
-14.514,0.00488
-14.504,0.00456
-14.494,0.00424
-14.484,0.00392
-14.474,0.0036
-14.464,0.0033
-14.454,0.003
-14.443999999999999,0.0027
-14.434000000000001,0.00242
-14.424,0.00216
-14.414,0.0019
-14.404,0.001664
-14.394,0.001448
-14.384,0.001248
-14.374,0.001068
-14.364,0.000906
-14.354,0.000764
-14.344000000000001,0.000638
-14.334,0.00053
-14.324,0.000436
-14.314,0.000356
-14.304,0.00029
-14.294,0.000234
-14.284,0.0001896
-14.274000000000001,0.000153
-14.264,0.0001238
-14.254,0.0001008
-14.244,8.28e-05
-14.234,6.9e-05
-14.224,5.86e-05
-14.214,5.08e-05
-14.204,4.5e-05
-14.193999999999999,4.08e-05
-14.184000000000001,3.78e-05
-14.174,3.56e-05
-14.164,3.42e-05
-14.154,3.3e-05
-14.144,3.2e-05
-14.134,3.12e-05
-14.124,3.06e-05
-14.114,2.98e-05
-14.104,2.92e-05
-14.094000000000001,2.84e-05
-14.084,2.78e-05
-14.074,2.7e-05
-14.064,2.62e-05
-14.054,2.54e-05
-14.044,2.46e-05
-14.034,2.4e-05
-14.024000000000001,2.32e-05
-14.014,2.26e-05
-14.004,2.22e-05
-13.994,2.2e-05
-13.984,2.22e-05
-13.974,2.3e-05
-13.964,2.42e-05
-13.954,2.66e-05
-13.943999999999999,3.04e-05
-13.934000000000001,3.58e-05
-13.924,4.38e-05
-13.914,5.5e-05
-13.904,7.04e-05
-13.894,9.12e-05
-13.884,0.0001188
-13.874,0.0001552
-13.864,0.000202
-13.854,0.000262
-13.844,0.000338
-13.834,0.000432
-13.824,0.00055
-13.814,0.000692
-13.804,0.000862
-13.794,0.001066
-13.784,0.001306
-13.774000000000001,0.001584
-13.764,0.001904
-13.754,0.00226
-13.744,0.00268
-13.734,0.00312
-13.724,0.0036
-13.714,0.00414
-13.704,0.0047
-13.694,0.00528
-13.684000000000001,0.00588
-13.674,0.00648
-13.664,0.00708
-13.654,0.00768
-13.644,0.00824
-13.634,0.00876
-13.624,0.00924
-13.614,0.00964
-13.604,0.00998
-13.594,0.01024
-13.584,0.01042
-13.574,0.0105
-13.564,0.0105
-13.554,0.01042
-13.544,0.01024
-13.534,0.00998
-13.524000000000001,0.00964
-13.514,0.00926
-13.504,0.0088
-13.494,0.0083
-13.484,0.00778
-13.474,0.00722
-13.464,0.00666
-13.454,0.00608
-13.444,0.00552
-13.434000000000001,0.00498
-13.424,0.00446
-13.414,0.00396
-13.404,0.0035
-13.394,0.00306
-13.384,0.00266
-13.374,0.0023
-13.364,0.001978
-13.354,0.001688
-13.344,0.001432
-13.334,0.001208
-13.324,0.001012
-13.314,0.000844
-13.304,0.000698
-13.294,0.000576
-13.284,0.000472
-13.274000000000001,0.000386
-13.264,0.000312
-13.254,0.000252
-13.244,0.000202
-13.234,0.0001622
-13.224,0.000129
-13.214,0.0001022
-13.204,8.04e-05
-13.194,6.3e-05
-13.184000000000001,4.92e-05
-13.174,3.82e-05
-13.164,2.94e-05
-13.154,2.26e-05
-13.144,1.718e-05
-13.134,1.3e-05
-13.124,9.8e-06
-13.114,7.32e-06
-13.104,5.44e-06
-13.094,4.02e-06
-13.084,2.94e-06
-13.074,2.14e-06
-13.064,1.544e-06
-13.054,1.106e-06
-13.044,7.86e-07
-13.034,5.54e-07
-13.024000000000001,3.88e-07
-13.014,2.7e-07
-13.004,1.852e-07
-12.994,1.264e-07
-12.984,8.54e-08
-12.974,5.72e-08
-12.964,3.8e-08
-12.954,2.5e-08
-12.944,1.636e-08
-12.934000000000001,1.058e-08
-12.924,6.78e-09
-12.914,4.3e-09
-12.904,2.72e-09
-12.894,1.69e-09
-12.884,1.044e-09
-12.874,6.38e-10
-12.864,3.88e-10
-12.854,2.32e-10
-12.844,1.382e-10
-12.834,8.14e-11
-12.824,4.76e-11
-12.814,2.74e-11
-12.804,1.572e-11
-12.794,8.9e-12
-12.784,5e-12
-12.774000000000001,2.78e-12
-12.764,1.528e-12
-12.754,8.32e-13
-12.744,4.5e-13
-12.734,2.4e-13
-12.724,1.272e-13
-12.714,6.66e-14
-12.704,3.46e-14
-12.694,1.758e-14
-12.684000000000001,8.72e-15
-12.674,4.4e-15
-12.664,2.1e-15
-12.654,1.038e-15
-12.644,5.1e-16
-12.634,1.516e-16
-12.624,7.42e-17
-12.614,3.58e-17
-12.604,1.714e-17
-12.594,1.384e-21
-12.584,6.56e-22
-12.574,0.0
-12.564,0.0
-12.554,0.0
-12.544,0.0
-12.534,0.0
-12.524000000000001,0.0
-12.514,0.0
-12.504,0.0
-12.494,0.0
-12.484,0.0
-12.474,0.0
-12.464,0.0
-12.454,0.0
-12.444,0.0
-12.434000000000001,0.0
-12.424,0.0
-12.414,0.0
-12.404,0.0
-12.394,0.0
-12.384,0.0
-12.374,0.0
-12.364,0.0
-12.354,0.0
-12.344,0.0
-12.334,0.0
-12.324,0.0
-12.314,0.0
-12.304,0.0
-12.294,0.0
-12.284,0.0
-12.274000000000001,0.0
-12.264,0.0
-12.254,0.0
-12.244,0.0
-12.234,0.0
-12.224,0.0
-12.214,0.0
-12.204,0.0
-12.194,0.0
-12.184,0.0
-12.174,0.0
-12.164,0.0
-12.154,0.0
-12.144,0.0
-12.134,0.0
-12.124,0.0
-12.114,0.0
-12.104000000000001,0.0
-12.094,0.0
-12.084,0.0
-12.074,0.0
-12.064,0.0
-12.054,0.0
-12.044,0.0
-12.034,0.0
-12.024000000000001,0.0
-12.014,0.0
-12.004,0.0
-11.994,0.0
-11.984,0.0
-11.974,0.0
-11.964,0.0
-11.954,0.0
-11.944,0.0
-11.934,0.0
-11.924,0.0
-11.914,0.0
-11.904,0.0
-11.894,0.0
-11.884,0.0
-11.874,0.0
-11.864,0.0
-11.854000000000001,0.0
-11.844,0.0
-11.834,0.0
-11.824,0.0
-11.814,0.0
-11.804,0.0
-11.794,0.0
-11.784,0.0
-11.774000000000001,0.0
-11.764,0.0
-11.754,0.0
-11.744,0.0
-11.734,0.0
-11.724,0.0
-11.714,0.0
-11.704,0.0
-11.694,0.0
-11.684,0.0
-11.674,0.0
-11.664,0.0
-11.654,0.0
-11.644,0.0
-11.634,0.0
-11.624,0.0
-11.614,0.0
-11.604,0.0
-11.594,0.0
-11.584,0.0
-11.574,0.0
-11.564,0.0
-11.554,0.0
-11.544,0.0
-11.534,0.0
-11.524000000000001,0.0
-11.514,0.0
-11.504,0.0
-11.494,0.0
-11.484,0.0
-11.474,0.0
-11.464,0.0
-11.454,0.0
-11.444,0.0
-11.434,0.0
-11.424,0.0
-11.414,0.0
-11.404,0.0
-11.394,0.0
-11.384,0.0
-11.374,0.0
-11.364,0.0
-11.354,0.0
-11.344,0.0
-11.334,0.0
-11.324,0.0
-11.314,0.0
-11.304,0.0
-11.294,0.0
-11.284,0.0
-11.274000000000001,0.0
-11.264,0.0
-11.254,0.0
-11.244,0.0
-11.234,0.0
-11.224,0.0
-11.214,0.0
-11.204,0.0
-11.194,0.0
-11.184000000000001,0.0
-11.174,0.0
-11.164,0.0
-11.154,0.0
-11.144,0.0
-11.134,0.0
-11.124,0.0
-11.114,0.0
-11.104,0.0
-11.094,0.0
-11.084,0.0
-11.074,0.0
-11.064,0.0
-11.054,0.0
-11.044,0.0
-11.034,0.0
-11.024000000000001,0.0
-11.014,0.0
-11.004,0.0
-10.994,0.0
-10.984,0.0
-10.974,0.0
-10.964,0.0
-10.954,0.0
-10.944,0.0
-10.934000000000001,0.0
-10.924,0.0
-10.914,0.0
-10.904,0.0
-10.894,0.0
-10.884,0.0
-10.874,0.0
-10.864,0.0
-10.854,0.0
-10.844,0.0
-10.834,0.0
-10.824,0.0
-10.814,0.0
-10.804,0.0
-10.794,0.0
-10.784,0.0
-10.774000000000001,0.0
-10.764,0.0
-10.754,0.0
-10.744,0.0
-10.734,0.0
-10.724,0.0
-10.714,0.0
-10.704,0.0
-10.694,0.0
-10.684000000000001,0.0
-10.674,0.0
-10.664,0.0
-10.654,0.0
-10.644,0.0
-10.634,0.0
-10.624,0.0
-10.614,0.0
-10.604,0.0
-10.594,0.0
-10.584,0.0
-10.574,0.0
-10.564,0.0
-10.554,0.0
-10.544,0.0
-10.534,0.0
-10.524000000000001,0.0
-10.514,0.0
-10.504,0.0
-10.494,0.0
-10.484,0.0
-10.474,0.0
-10.464,0.0
-10.454,0.0
-10.444,0.0
-10.434000000000001,0.0
-10.424,0.0
-10.414,0.0
-10.404,0.0
-10.394,0.0
-10.384,0.0
-10.374,0.0
-10.364,0.0
-10.354,0.0
-10.344,0.0
-10.334,0.0
-10.324,0.0
-10.314,0.0
-10.304,0.0
-10.294,0.0
-10.284,0.0
-10.274000000000001,0.0
-10.264,0.0
-10.254,0.0
-10.244,0.0
-10.234,0.0
-10.224,0.0
-10.214,0.0
-10.204,0.0
-10.194,0.0
-10.184000000000001,0.0
-10.174,0.0
-10.164,0.0
-10.154,0.0
-10.144,0.0
-10.134,0.0
-10.124,0.0
-10.114,0.0
-10.104,0.0
-10.094,0.0
-10.084,0.0
-10.074,0.0
-10.064,0.0
-10.054,0.0
-10.044,0.0
-10.034,0.0
-10.024000000000001,0.0
-10.014,0.0
-10.004,0.0
-9.994,0.0
-9.984,0.0
-9.974,0.0
-9.964,0.0
-9.954,0.0
-9.944,0.0
-9.934000000000001,0.0
-9.924,0.0
-9.914,0.0
-9.904,0.0
-9.894,0.0
-9.884,0.0
-9.874,0.0
-9.864,0.0
-9.854,0.0
-9.844000000000001,0.0
-9.834,0.0
-9.824,0.0
-9.814,0.0
-9.804,0.0
-9.794,0.0
-9.784,0.0
-9.774000000000001,0.0
-9.764,0.0
-9.754,0.0
-9.744,0.0
-9.734,0.0
-9.724,0.0
-9.714,0.0
-9.704,0.0
-9.693999999999999,0.0
-9.684000000000001,0.0
-9.674,0.0
-9.664,0.0
-9.654,0.0
-9.644,0.0
-9.634,0.0
-9.624,0.0
-9.614,0.0
-9.604,0.0
-9.594000000000001,0.0
-9.584,0.0
-9.574,0.0
-9.564,0.0
-9.554,0.0
-9.544,0.0
-9.534,0.0
-9.524000000000001,0.0
-9.514,0.0
-9.504,0.0
-9.494,0.0
-9.484,0.0
-9.474,0.0
-9.464,0.0
-9.454,0.0
-9.443999999999999,0.0
-9.434000000000001,0.0
-9.424,0.0
-9.414,0.0
-9.404,0.0
-9.394,0.0
-9.384,0.0
-9.374,0.0
-9.364,0.0
-9.354,0.0
-9.344000000000001,0.0
-9.334,0.0
-9.324,0.0
-9.314,0.0
-9.304,0.0
-9.294,0.0
-9.284,0.0
-9.274000000000001,0.0
-9.264,0.0
-9.254,0.0
-9.244,0.0
-9.234,0.0
-9.224,0.0
-9.214,0.0
-9.204,0.0
-9.193999999999999,0.0
-9.184000000000001,0.0
-9.174,0.0
-9.164,0.0
-9.154,0.0
-9.144,0.0
-9.134,0.0
-9.124,0.0
-9.114,0.0
-9.104,0.0
-9.094000000000001,0.0
-9.084,0.0
-9.074,0.0
-9.064,0.0
-9.054,0.0
-9.044,0.0
-9.034,0.0
-9.024000000000001,0.0
-9.014,0.0
-9.004,0.0
-8.994,0.0
-8.984,0.0
-8.974,0.0
-8.964,0.0
-8.954,0.0
-8.943999999999999,0.0
-8.934000000000001,0.0
-8.924,0.0
-8.914,0.0
-8.904,0.0
-8.894,0.0
-8.884,0.0
-8.874,0.0
-8.864,0.0
-8.854,0.0
-8.844000000000001,0.0
-8.834,0.0
-8.824,0.0
-8.814,0.0
-8.804,0.0
-8.794,0.0
-8.784,0.0
-8.774000000000001,0.0
-8.764,0.0
-8.754,0.0
-8.744,0.0
-8.734,0.0
-8.724,0.0
-8.714,0.0
-8.704,0.0
-8.693999999999999,0.0
-8.684000000000001,0.0
-8.674,0.0
-8.664,0.0
-8.654,0.0
-8.644,0.0
-8.634,0.0
-8.624,0.0
-8.614,0.0
-8.604,0.0
-8.594000000000001,0.0
-8.584,0.0
-8.574,0.0
-8.564,0.0
-8.554,0.0
-8.544,0.0
-8.534,0.0
-8.524000000000001,0.0
-8.514,0.0
-8.504,0.0
-8.494,0.0
-8.484,0.0
-8.474,0.0
-8.464,0.0
-8.454,0.0
-8.443999999999999,0.0
-8.434000000000001,0.0
-8.424,0.0
-8.414,0.0
-8.404,0.0
-8.394,0.0
-8.384,0.0
-8.374,0.0
-8.364,0.0
-8.354,0.0
-8.344000000000001,0.0
-8.334,0.0
-8.324,0.0
-8.314,0.0
-8.304,0.0
-8.294,0.0
-8.284,0.0
-8.274000000000001,0.0
-8.264,0.0
-8.254,0.0
-8.244,2.04e-13
-8.234,4.28e-13
-8.224,8.86e-13
-8.214,1.818e-12
-8.204,3.68e-12
-8.193999999999999,7.4e-12
-8.184000000000001,1.47e-11
-8.174,2.88e-11
-8.164,5.62e-11
-8.154,1.08e-10
-8.144,2.06e-10
-8.134,3.86e-10
-8.124,7.2e-10
-8.114,1.326e-09
-8.104,2.42e-09
-8.094000000000001,4.36e-09
-8.084,7.76e-09
-8.074,1.368e-08
-8.064,2.38e-08
-8.054,4.12e-08
-8.044,7.04e-08
-8.034,1.188e-07
-8.024000000000001,1.986e-07
-8.014,3.28e-07
-8.004,5.36e-07
-7.994,8.68e-07
-7.984,1.39e-06
-7.974,2.2e-06
-7.964,3.44e-06
-7.954000000000001,5.34e-06
-7.944,8.2e-06
-7.934,1.244e-05
-7.9239999999999995,1.866e-05
-7.914,2.78e-05
-7.904,4.06e-05
-7.894,5.92e-05
-7.884,8.5e-05
-7.8740000000000006,0.000121
-7.864,0.0001704
-7.854,0.000238
-7.844,0.000328
-7.8340000000000005,0.000446
-7.824,0.000602
-7.814,0.000804
-7.804,0.001064
-7.7940000000000005,0.001392
-7.784,0.001804
-7.774,0.00232
-7.764,0.00294
-7.7540000000000004,0.0037
-7.744,0.0046
-7.734,0.00566
-7.724,0.00692
-7.714,0.00836
-7.704,0.01002
-7.694,0.0119
-7.684,0.01402
-7.674,0.01636
-7.664,0.01892
-7.654,0.0218
-7.644,0.0248
-7.634,0.028
-7.6240000000000006,0.0314
-7.614,0.035
-7.604,0.0386
-7.594,0.0424
-7.5840000000000005,0.0464
-7.574,0.0504
-7.564,0.0544
-7.554,0.0584
-7.5440000000000005,0.0622
-7.534,0.0662
-7.524,0.0698
-7.514,0.0734
-7.5040000000000004,0.0766
-7.494,0.0796
-7.484,0.0822
-7.474,0.0846
-7.464,0.0866
-7.454,0.088
-7.444,0.089
-7.434,0.0896
-7.424,0.0898
-7.414,0.0896
-7.404,0.0888
-7.394,0.0878
-7.384,0.0864
-7.3740000000000006,0.0846
-7.364,0.0828
-7.354,0.0808
-7.344,0.0786
-7.3340000000000005,0.0766
-7.324,0.0748
-7.314,0.0732
-7.304,0.0718
-7.2940000000000005,0.0706
-7.284,0.07
-7.274,0.07
-7.264,0.0702
-7.2540000000000004,0.0712
-7.244,0.0726
-7.234,0.0746
-7.224,0.077
-7.214,0.08
-7.204,0.0832
-7.194,0.087
-7.184,0.0908
-7.174,0.0948
-7.164,0.0988
-7.154,0.1028
-7.144,0.1064
-7.134,0.1096
-7.1240000000000006,0.1124
-7.114,0.1146
-7.104,0.116
-7.094,0.1168
-7.0840000000000005,0.1168
-7.074,0.116
-7.064,0.1144
-7.054,0.1122
-7.0440000000000005,0.1094
-7.034,0.1062
-7.024,0.1028
-7.014,0.0992
-7.0040000000000004,0.0958
-6.994,0.0928
-6.984,0.0906
-6.974,0.089
-6.964,0.0884
-6.954,0.0894
-6.944,0.0916
-6.934,0.0956
-6.924,0.1014
-6.914,0.1094
-6.904,0.1192
-6.894,0.1312
-6.884,0.1456
-6.8740000000000006,0.1618
-6.864,0.1804
-6.854,0.2
-6.844,0.222
-6.8340000000000005,0.246
-6.824,0.272
-6.814,0.298
-6.804,0.326
-6.7940000000000005,0.352
-6.784,0.38
-6.774,0.406
-6.764,0.432
-6.7540000000000004,0.458
-6.744,0.482
-6.734,0.504
-6.724,0.522
-6.714,0.54
-6.704,0.556
-6.694,0.568
-6.684,0.578
-6.674,0.586
-6.664,0.592
-6.654,0.594
-6.644,0.598
-6.634,0.598
-6.6240000000000006,0.598
-6.614,0.598
-6.604,0.598
-6.594,0.598
-6.5840000000000005,0.598
-6.574,0.598
-6.564,0.598
-6.554,0.6
-6.5440000000000005,0.6
-6.534,0.602
-6.524,0.602
-6.514,0.602
-6.5040000000000004,0.602
-6.494,0.598
-6.484,0.594
-6.474,0.588
-6.464,0.58
-6.454,0.568
-6.444,0.554
-6.434,0.54
-6.424,0.522
-6.414,0.502
-6.404,0.482
-6.394,0.46
-6.384,0.438
-6.3740000000000006,0.416
-6.364,0.394
-6.354,0.374
-6.344,0.354
-6.3340000000000005,0.336
-6.324,0.322
-6.314,0.308
-6.304,0.298
-6.2940000000000005,0.29
-6.284,0.286
-6.274,0.282
-6.264,0.28
-6.2540000000000004,0.282
-6.244,0.284
-6.234,0.286
-6.224,0.29
-6.214,0.292
-6.204,0.296
-6.194,0.298
-6.184,0.3
-6.174,0.3
-6.164,0.3
-6.154,0.298
-6.144,0.294
-6.134,0.29
-6.1240000000000006,0.284
-6.114,0.276
-6.104,0.268
-6.094,0.26
-6.0840000000000005,0.252
-6.074,0.242
-6.064,0.234
-6.054,0.226
-6.0440000000000005,0.216
-6.034,0.208
-6.024,0.2
-6.014,0.1932
-6.0040000000000004,0.186
-5.994,0.1788
-5.984,0.1718
-5.974,0.1648
-5.964,0.1578
-5.954,0.1506
-5.944,0.1436
-5.934,0.1366
-5.924,0.1296
-5.914,0.1228
-5.904,0.1162
-5.894,0.11
-5.884,0.104
-5.8740000000000006,0.0986
-5.864,0.0936
-5.854,0.0892
-5.844,0.0856
-5.8340000000000005,0.0824
-5.824,0.0798
-5.814,0.078
-5.804,0.0766
-5.7940000000000005,0.0758
-5.784,0.0754
-5.774,0.0756
-5.764,0.0762
-5.7540000000000004,0.0772
-5.744,0.0784
-5.734,0.08
-5.724,0.0818
-5.714,0.0838
-5.704,0.0858
-5.694,0.088
-5.684,0.0902
-5.674,0.0922
-5.664,0.094
-5.654,0.0956
-5.644,0.0968
-5.634,0.0974
-5.6240000000000006,0.0978
-5.614,0.0976
-5.604,0.0968
-5.594,0.0956
-5.5840000000000005,0.0938
-5.574,0.0916
-5.564,0.0892
-5.554,0.0866
-5.5440000000000005,0.084
-5.534,0.0816
-5.524,0.0796
-5.514,0.078
-5.5040000000000004,0.0772
-5.494,0.077
-5.484,0.0778
-5.474,0.0798
-5.464,0.0826
-5.454,0.0866
-5.444,0.0918
-5.434,0.0978
-5.424,0.1048
-5.414,0.1126
-5.404,0.121
-5.394,0.1298
-5.384,0.139
-5.3740000000000006,0.1484
-5.364,0.1576
-5.354,0.1668
-5.344,0.1756
-5.3340000000000005,0.1842
-5.324,0.1922
-5.314,0.1996
-5.304,0.206
-5.2940000000000005,0.212
-5.284,0.218
-5.274,0.224
-5.264,0.228
-5.2540000000000004,0.234
-5.244,0.238
-5.234,0.242
-5.224,0.244
-5.214,0.248
-5.204,0.25
-5.194,0.252
-5.184,0.254
-5.174,0.256
-5.164,0.256
-5.154,0.256
-5.144,0.256
-5.134,0.254
-5.1240000000000006,0.252
-5.114,0.248
-5.104,0.244
-5.094,0.24
-5.0840000000000005,0.236
-5.074,0.232
-5.064,0.228
-5.054,0.224
-5.0440000000000005,0.22
-5.034,0.218
-5.024,0.216
-5.014,0.216
-5.0040000000000004,0.216
-4.994,0.218
-4.984,0.222
-4.974,0.228
-4.964,0.234
-4.954,0.242
-4.944,0.25
-4.934,0.26
-4.924,0.27
-4.914,0.278
-4.904,0.288
-4.894,0.298
-4.884,0.306
-4.8740000000000006,0.312
-4.864,0.318
-4.854,0.322
-4.844,0.324
-4.8340000000000005,0.324
-4.824,0.324
-4.814,0.322
-4.804,0.318
-4.7940000000000005,0.312
-4.784,0.306
-4.774,0.298
-4.764,0.29
-4.7540000000000004,0.28
-4.744,0.27
-4.734,0.26
-4.724,0.248
-4.714,0.238
-4.704,0.226
-4.694,0.214
-4.684,0.202
-4.674,0.19
-4.664,0.1784
-4.654,0.167
-4.644,0.156
-4.634,0.1456
-4.6240000000000006,0.136
-4.614,0.1272
-4.604,0.1194
-4.594,0.1128
-4.5840000000000005,0.1076
-4.574,0.1036
-4.564,0.1014
-4.554,0.1008
-4.5440000000000005,0.1018
-4.534,0.1048
-4.524,0.1094
-4.514,0.1158
-4.5040000000000004,0.124
-4.494,0.1338
-4.484,0.1452
-4.474,0.158
-4.464,0.1718
-4.454,0.187
-4.444,0.202
-4.434,0.218
-4.424,0.236
-4.414,0.252
-4.404,0.268
-4.394,0.284
-4.384,0.298
-4.3740000000000006,0.312
-4.364,0.324
-4.354,0.336
-4.344,0.346
-4.3340000000000005,0.356
-4.324,0.364
-4.314,0.372
-4.304,0.378
-4.2940000000000005,0.384
-4.284,0.392
-4.274,0.4
-4.264,0.408
-4.2540000000000004,0.416
-4.244,0.428
-4.234,0.44
-4.224,0.452
-4.214,0.468
-4.204,0.484
-4.194,0.5
-4.184,0.516
-4.174,0.534
-4.164,0.55
-4.154,0.564
-4.144,0.578
-4.134,0.588
-4.1240000000000006,0.596
-4.114,0.6
-4.104,0.6
-4.094,0.596
-4.0840000000000005,0.588
-4.074,0.576
-4.064,0.56
-4.054,0.538
-4.0440000000000005,0.514
-4.034,0.488
-4.024,0.458
-4.014,0.426
-4.0040000000000004,0.394
-3.9939999999999998,0.362
-3.984,0.328
-3.974,0.296
-3.9640000000000004,0.264
-3.9539999999999997,0.234
-3.944,0.206
-3.934,0.1804
-3.9240000000000004,0.1566
-3.9139999999999997,0.1352
-3.904,0.116
-3.894,0.099
-3.8840000000000003,0.0842
-3.8740000000000006,0.0714
-3.8640000000000008,0.0602
-3.854000000000001,0.0508
-3.8439999999999994,0.0428
-3.8339999999999996,0.036
-3.824,0.0304
-3.814,0.0256
-3.8040000000000003,0.0216
-3.7940000000000005,0.01812
-3.7840000000000007,0.01524
-3.774000000000001,0.0128
-3.7639999999999993,0.01074
-3.7539999999999996,0.00898
-3.7439999999999998,0.00748
-3.734,0.00622
-3.724,0.00514
-3.7140000000000004,0.00422
-3.7040000000000006,0.00344
-3.694000000000001,0.00278
-3.6839999999999993,0.00224
-3.6739999999999995,0.001784
-3.6639999999999997,0.00141
-3.654,0.001108
-3.644,0.000864
-3.6340000000000003,0.000672
-3.6240000000000006,0.000522
-3.6140000000000008,0.00041
-3.604000000000001,0.000326
-3.5939999999999994,0.00027
-3.5839999999999996,0.000238
-3.574,0.000228
-3.564,0.000238
-3.5540000000000003,0.000268
-3.5440000000000005,0.000322
-3.5340000000000007,0.0004
-3.524000000000001,0.000506
-3.5139999999999993,0.000648
-3.5039999999999996,0.00083
-3.4939999999999998,0.001062
-3.484,0.001354
-3.474,0.001716
-3.4640000000000004,0.00216
-3.4540000000000006,0.0027
-3.444000000000001,0.00336
-3.4339999999999993,0.00416
-3.4239999999999995,0.0051
-3.4139999999999997,0.0062
-3.404,0.00748
-3.394,0.00894
-3.3840000000000003,0.01062
-3.3740000000000006,0.0125
-3.3640000000000008,0.0146
-3.354000000000001,0.01688
-3.3439999999999994,0.01936
-3.3339999999999996,0.022
-3.324,0.0248
-3.314,0.0276
-3.3040000000000003,0.0306
-3.2940000000000005,0.0334
-3.2840000000000007,0.0362
-3.274000000000001,0.039
-3.2639999999999993,0.0414
-3.2539999999999996,0.0436
-3.2439999999999998,0.0456
-3.234,0.047
-3.224,0.0482
-3.2140000000000004,0.049
-3.2040000000000006,0.0494
-3.194000000000001,0.0492
-3.1839999999999993,0.0486
-3.1739999999999995,0.0478
-3.1639999999999997,0.0466
-3.154,0.045
-3.144,0.0432
-3.1340000000000003,0.0412
-3.1240000000000006,0.0392
-3.1140000000000008,0.0372
-3.104000000000001,0.0352
-3.0939999999999994,0.0332
-3.0839999999999996,0.0314
-3.074,0.0298
-3.064,0.0284
-3.0540000000000003,0.0272
-3.0440000000000005,0.0264
-3.0340000000000007,0.0258
-3.024000000000001,0.0254
-3.0139999999999993,0.0254
-3.0039999999999996,0.0256
-2.9939999999999998,0.026
-2.984,0.0266
-2.974,0.0274
-2.9640000000000004,0.0284
-2.9540000000000006,0.0296
-2.944000000000001,0.0308
-2.9339999999999993,0.032
-2.9239999999999995,0.0336
-2.9139999999999997,0.035
-2.904,0.0366
-2.894,0.0382
-2.8840000000000003,0.04
-2.8740000000000006,0.0418
-2.8640000000000008,0.0438
-2.854000000000001,0.046
-2.8439999999999994,0.0484
-2.8339999999999996,0.051
-2.824,0.0538
-2.814,0.0568
-2.8040000000000003,0.0602
-2.7940000000000005,0.0636
-2.7840000000000007,0.0672
-2.774000000000001,0.071
-2.7639999999999993,0.075
-2.7539999999999996,0.0788
-2.7439999999999998,0.0826
-2.734,0.0862
-2.724,0.0896
-2.7140000000000004,0.0926
-2.7040000000000006,0.0952
-2.694000000000001,0.0972
-2.6839999999999993,0.099
-2.6739999999999995,0.1002
-2.6639999999999997,0.1012
-2.654,0.1018
-2.644,0.1022
-2.6340000000000003,0.1024
-2.6240000000000006,0.103
-2.6140000000000008,0.1038
-2.604000000000001,0.105
-2.5939999999999994,0.1068
-2.5839999999999996,0.1094
-2.574,0.1128
-2.564,0.1172
-2.5540000000000003,0.1224
-2.5440000000000005,0.1286
-2.5340000000000007,0.1356
-2.524000000000001,0.1434
-2.5139999999999993,0.1518
-2.5039999999999996,0.1604
-2.4939999999999998,0.169
-2.484,0.1774
-2.474,0.1852
-2.4640000000000004,0.1924
-2.4540000000000006,0.1984
-2.444000000000001,0.204
-2.4339999999999993,0.206
-2.4239999999999995,0.208
-2.4139999999999997,0.208
-2.404,0.208
-2.394,0.204
-2.3840000000000003,0.2
-2.3740000000000006,0.1952
-2.3640000000000008,0.1894
-2.354000000000001,0.1834
-2.3439999999999994,0.1778
-2.3339999999999996,0.1728
-2.324,0.1692
-2.314,0.1678
-2.3040000000000003,0.169
-2.2940000000000005,0.1736
-2.2840000000000007,0.1822
-2.274000000000001,0.1958
-2.2639999999999993,0.214
-2.2539999999999996,0.24
-2.2439999999999998,0.272
-2.234,0.314
-2.224,0.362
-2.2140000000000004,0.42
-2.2040000000000006,0.488
-2.194000000000001,0.566
-2.1839999999999993,0.654
-2.1739999999999995,0.754
-2.1639999999999997,0.864
-2.154,0.986
-2.144,1.118
-2.1340000000000003,1.258
-2.1240000000000006,1.41
-2.1140000000000008,1.566
-2.104000000000001,1.73
-2.0939999999999994,1.898
-2.0839999999999996,2.06
-2.074,2.24
-2.064,2.4
-2.0540000000000003,2.56
-2.0440000000000005,2.7
-2.0340000000000007,2.84
-2.024000000000001,2.96
-2.0139999999999993,3.06
-2.0039999999999996,3.14
-1.9939999999999998,3.2
-1.984,3.24
-1.9740000000000002,3.24
-1.9640000000000004,3.24
-1.9540000000000006,3.22
-1.9440000000000008,3.18
-1.9339999999999993,3.12
-1.9239999999999995,3.04
-1.9139999999999997,2.94
-1.904,2.84
-1.8940000000000001,2.74
-1.8840000000000003,2.64
-1.8740000000000006,2.52
-1.8640000000000008,2.42
-1.854000000000001,2.3
-1.8439999999999994,2.2
-1.8339999999999996,2.1
-1.8239999999999998,1.99
-1.814,1.894
-1.8040000000000003,1.8
-1.7940000000000005,1.708
-1.7840000000000007,1.62
-1.774000000000001,1.532
-1.7639999999999993,1.446
-1.7539999999999996,1.362
-1.7439999999999998,1.278
-1.734,1.194
-1.7240000000000002,1.11
-1.7140000000000004,1.028
-1.7040000000000006,0.946
-1.6940000000000008,0.864
-1.6839999999999993,0.784
-1.6739999999999995,0.708
-1.6639999999999997,0.634
-1.654,0.564
-1.6440000000000001,0.496
-1.6340000000000003,0.434
-1.6240000000000006,0.376
-1.6140000000000008,0.324
-1.604000000000001,0.276
-1.5939999999999994,0.234
-1.5839999999999996,0.1952
-1.5739999999999998,0.162
-1.564,0.1332
-1.5540000000000003,0.1086
-1.5440000000000005,0.0878
-1.5340000000000007,0.0704
-1.524000000000001,0.056
-1.5139999999999993,0.0444
-1.5039999999999996,0.0352
-1.4939999999999998,0.0278
-1.484,0.0224
-1.4740000000000002,0.01844
-1.4640000000000004,0.0158
-1.4540000000000006,0.01432
-1.4440000000000008,0.01384
-1.4339999999999993,0.01426
-1.4239999999999995,0.01554
-1.4139999999999997,0.01758
-1.404,0.0204
-1.3940000000000001,0.0238
-1.3840000000000003,0.028
-1.3740000000000006,0.0328
-1.3640000000000008,0.0382
-1.354000000000001,0.044
-1.3439999999999994,0.0504
-1.3339999999999996,0.057
-1.3239999999999998,0.064
-1.314,0.071
-1.3040000000000003,0.0778
-1.2940000000000005,0.0844
-1.2840000000000007,0.0908
-1.274000000000001,0.0964
-1.2639999999999993,0.1014
-1.2539999999999996,0.1054
-1.2439999999999998,0.1086
-1.234,0.1104
-1.2240000000000002,0.1112
-1.2140000000000004,0.1108
-1.2040000000000006,0.1092
-1.1940000000000008,0.1066
-1.1839999999999993,0.1028
-1.1739999999999995,0.0982
-1.1639999999999997,0.093
-1.154,0.087
-1.1440000000000001,0.0808
-1.1340000000000003,0.0744
-1.1240000000000006,0.068
-1.1140000000000008,0.0616
-1.104000000000001,0.0558
-1.0939999999999994,0.0506
-1.0839999999999996,0.046
-1.0739999999999998,0.0422
-1.064,0.0394
-1.0540000000000003,0.0374
-1.0440000000000005,0.0368
-1.0340000000000007,0.037
-1.024000000000001,0.0384
-1.0139999999999993,0.041
-1.0039999999999996,0.0446
-0.9939999999999998,0.0492
-0.984,0.0548
-0.9740000000000002,0.0612
-0.9640000000000004,0.0684
-0.9540000000000006,0.076
-0.9440000000000008,0.0842
-0.9339999999999993,0.0926
-0.9239999999999995,0.101
-0.9139999999999997,0.1092
-0.9039999999999999,0.1172
-0.8940000000000001,0.1246
-0.8840000000000003,0.1314
-0.8740000000000006,0.1376
-0.8640000000000008,0.1428
-0.854000000000001,0.1472
-0.8439999999999994,0.1508
-0.8339999999999996,0.1538
-0.8239999999999998,0.156
-0.8140000000000001,0.158
-0.8040000000000003,0.1596
-0.7940000000000005,0.161
-0.7840000000000007,0.1626
-0.7740000000000009,0.1644
-0.7639999999999993,0.1668
-0.7539999999999996,0.1698
-0.7439999999999998,0.1732
-0.734,0.1774
-0.7240000000000002,0.1822
-0.7140000000000004,0.1874
-0.7040000000000006,0.193
-0.6940000000000008,0.1988
-0.6839999999999993,0.204
-0.6739999999999995,0.21
-0.6639999999999997,0.214
-0.6539999999999999,0.218
-0.6440000000000001,0.22
-0.6340000000000003,0.222
-0.6240000000000006,0.222
-0.6140000000000008,0.22
-0.604000000000001,0.216
-0.5939999999999994,0.21
-0.5839999999999996,0.204
-0.5739999999999998,0.1952
-0.5640000000000001,0.1854
-0.5540000000000003,0.1746
-0.5440000000000005,0.163
-0.5340000000000007,0.1508
-0.5240000000000009,0.138
-0.5139999999999993,0.1254
-0.5039999999999996,0.1126
-0.4939999999999998,0.1004
-0.484,0.0886
-0.4740000000000002,0.0774
-0.4640000000000004,0.067
-0.4540000000000006,0.0574
-0.44400000000000084,0.0488
-0.4339999999999993,0.041
-0.4239999999999995,0.0342
-0.4139999999999997,0.0282
-0.4039999999999999,0.023
-0.39400000000000013,0.01864
-0.38400000000000034,0.01494
-0.37400000000000055,0.01186
-0.36400000000000077,0.00932
-0.354000000000001,0.00724
-0.3439999999999994,0.00558
-0.33399999999999963,0.00426
-0.32399999999999984,0.00322
-0.31400000000000006,0.0024
-0.30400000000000027,0.001782
-0.2940000000000005,0.001306
-0.2840000000000007,0.000948
-0.2740000000000009,0.00068
-0.26399999999999935,0.000484
-0.25399999999999956,0.00034
-0.24399999999999977,0.000238
-0.23399999999999999,0.0001636
-0.2240000000000002,0.0001118
-0.2140000000000004,7.54e-05
-0.20400000000000063,5.04e-05
-0.19400000000000084,3.34e-05
-0.18399999999999928,2.18e-05
-0.1739999999999995,1.418e-05
-0.1639999999999997,9.1e-06
-0.15399999999999991,5.78e-06
-0.14400000000000013,3.62e-06
-0.13400000000000034,2.26e-06
-0.12400000000000055,1.386e-06
-0.11400000000000077,8.44e-07
-0.10400000000000098,5.08e-07
-0.09399999999999942,3.02e-07
-0.08399999999999963,1.786e-07
-0.07399999999999984,1.042e-07
-0.06400000000000006,6.02e-08
-0.05400000000000027,3.44e-08
-0.04400000000000048,1.942e-08
-0.034000000000000696,1.088e-08
-0.02400000000000091,6.04e-09
-0.013999999999999346,3.36e-09
-0.0039999999999995595,1.936e-09
0.006000000000000227,1.258e-09
0.016000000000000014,1.096e-09
0.0259999999999998,1.398e-09
0.03599999999999959,2.3e-09
0.045999999999999375,4.14e-09
0.05599999999999916,7.6e-09
0.06600000000000072,1.398e-08
0.07600000000000051,2.54e-08
0.0860000000000003,4.6e-08
0.09600000000000009,8.2e-08
0.10599999999999987,1.448e-07
0.11599999999999966,2.54e-07
0.12599999999999945,4.38e-07
0.13599999999999923,7.5e-07
0.14599999999999902,1.27e-06
0.15600000000000058,2.12e-06
0.16600000000000037,3.54e-06
0.17600000000000016,5.8e-06
0.18599999999999994,9.42e-06
0.19599999999999973,1.514e-05
0.20599999999999952,2.4e-05
0.2159999999999993,3.8e-05
0.2259999999999991,5.9e-05
0.23600000000000065,9.12e-05
0.24600000000000044,0.000139
0.2560000000000002,0.00021
0.266,0.000314
0.2759999999999998,0.000464
0.2859999999999996,0.00068
0.2959999999999994,0.000986
0.30599999999999916,0.001416
0.3160000000000007,0.00202
0.3260000000000005,0.00284
0.3360000000000003,0.00394
0.3460000000000001,0.00544
0.35599999999999987,0.00742
0.36599999999999966,0.01004
0.37599999999999945,0.01342
0.38599999999999923,0.0178
0.395999999999999,0.0234
0.4060000000000006,0.0304
0.41600000000000037,0.0392
0.42600000000000016,0.05
0.43599999999999994,0.0632
0.44599999999999973,0.079
0.4559999999999995,0.0982
0.4659999999999993,0.1206
0.4759999999999991,0.147
0.48600000000000065,0.1776
0.49600000000000044,0.212
0.5060000000000002,0.252
0.516,0.298
0.5259999999999998,0.346
0.5359999999999996,0.4
0.5459999999999994,0.46
0.5559999999999992,0.522
0.5660000000000007,0.59
0.5760000000000005,0.66
0.5860000000000003,0.732
0.5960000000000001,0.806
0.6059999999999999,0.88
0.6159999999999997,0.952
0.6259999999999994,1.024
0.6359999999999992,1.09
0.645999999999999,1.154
0.6560000000000006,1.21
0.6660000000000004,1.26
0.6760000000000002,1.302
0.6859999999999999,1.334
0.6959999999999997,1.358
0.7059999999999995,1.374
0.7159999999999993,1.38
0.7259999999999991,1.376
0.7360000000000007,1.366
0.7460000000000004,1.348
0.7560000000000002,1.324
0.766,1.298
0.7759999999999998,1.268
0.7859999999999996,1.236
0.7959999999999994,1.206
0.8059999999999992,1.176
0.8160000000000007,1.15
0.8260000000000005,1.126
0.8360000000000003,1.108
0.8460000000000001,1.094
0.8559999999999999,1.084
0.8659999999999997,1.078
0.8759999999999994,1.076
0.8859999999999992,1.076
0.895999999999999,1.08
0.9060000000000006,1.084
0.9160000000000004,1.088
0.9260000000000002,1.092
0.9359999999999999,1.094
0.9459999999999997,1.094
0.9559999999999995,1.094
0.9659999999999993,1.092
0.9759999999999991,1.088
0.9860000000000007,1.082
0.9960000000000004,1.078
1.0060000000000002,1.072
1.016,1.068
1.0259999999999998,1.066
1.0359999999999996,1.066
1.0459999999999994,1.068
1.0559999999999992,1.074
1.0660000000000007,1.082
1.0760000000000005,1.092
1.0860000000000003,1.106
1.096,1.12
1.1059999999999999,1.138
1.1159999999999997,1.154
1.1259999999999994,1.172
1.1359999999999992,1.188
1.145999999999999,1.202
1.1560000000000006,1.212
1.1660000000000004,1.22
1.1760000000000002,1.224
1.186,1.222
1.1959999999999997,1.216
1.2059999999999995,1.206
1.2159999999999993,1.188
1.225999999999999,1.168
1.2360000000000007,1.142
1.2460000000000004,1.114
1.2560000000000002,1.082
1.266,1.048
1.2759999999999998,1.014
1.2859999999999996,0.982
1.2959999999999994,0.952
1.3059999999999992,0.924
1.3160000000000007,0.902
1.3260000000000005,0.886
1.3360000000000003,0.878
1.346,0.878
1.3559999999999999,0.886
1.3659999999999997,0.904
1.3759999999999994,0.932
1.3859999999999992,0.968
1.395999999999999,1.014
1.4060000000000006,1.068
1.4160000000000004,1.128
1.4260000000000002,1.194
1.436,1.264
1.4459999999999997,1.334
1.4559999999999995,1.408
1.4659999999999993,1.478
1.475999999999999,1.548
1.4860000000000007,1.612
1.4960000000000004,1.672
1.5060000000000002,1.724
1.516,1.77
1.5259999999999998,1.806
1.5359999999999996,1.834
1.5459999999999994,1.854
1.5559999999999992,1.866
1.5660000000000007,1.868
1.5760000000000005,1.862
1.5860000000000003,1.85
1.596,1.828
1.6059999999999999,1.802
1.6159999999999997,1.768
1.6259999999999994,1.73
1.6359999999999992,1.686
1.645999999999999,1.64
1.6560000000000006,1.588
1.6660000000000004,1.534
1.6760000000000002,1.478
1.686,1.42
1.6959999999999997,1.358
1.7059999999999995,1.296
1.7159999999999993,1.23
1.725999999999999,1.164
1.7360000000000007,1.098
1.7460000000000004,1.03
1.7560000000000002,0.962
1.766,0.894
1.7759999999999998,0.828
1.7859999999999996,0.762
1.7959999999999994,0.696
1.8059999999999992,0.634
1.8160000000000007,0.574
1.8260000000000005,0.516
1.8360000000000003,0.462
1.846,0.412
1.8559999999999999,0.364
1.8659999999999997,0.322
1.8759999999999994,0.282
1.8859999999999992,0.248
1.895999999999999,0.218
1.9060000000000006,0.1898
1.9160000000000004,0.1658
1.9260000000000002,0.1448
1.936,0.1266
1.9459999999999997,0.1108
1.9559999999999995,0.0972
1.9659999999999993,0.0854
1.975999999999999,0.0752
1.9860000000000007,0.0662
1.9960000000000004,0.0584
2.0060000000000002,0.0514
2.016,0.0452
2.026,0.0398
2.0359999999999996,0.0348
2.0459999999999994,0.0304
2.055999999999999,0.0264
2.0660000000000007,0.0228
2.0760000000000005,0.01956
2.0860000000000003,0.01668
2.096,0.0141
2.106,0.01184
2.1159999999999997,0.00988
2.1259999999999994,0.00816
2.1359999999999992,0.00668
2.145999999999999,0.00542
2.1560000000000006,0.00436
2.1660000000000004,0.00348
2.176,0.00276
2.186,0.00216
2.1959999999999997,0.00169
2.2059999999999995,0.00131
2.2159999999999993,0.00101
2.225999999999999,0.000778
2.2360000000000007,0.000602
2.2460000000000004,0.000468
2.2560000000000002,0.00037
2.266,0.000298
2.276,0.000248
2.2859999999999996,0.000214
2.2959999999999994,0.0001928
2.305999999999999,0.0001798
2.3160000000000007,0.000173
2.3260000000000005,0.0001702
2.3360000000000003,0.0001702
2.346,0.0001714
2.356,0.000173
2.3659999999999997,0.0001744
2.3759999999999994,0.0001752
2.3859999999999992,0.0001752
2.395999999999999,0.000174
2.4060000000000006,0.0001718
2.4160000000000004,0.0001686
2.426,0.0001648
2.436,0.0001604
2.4459999999999997,0.000156
2.4559999999999995,0.0001518
2.4659999999999993,0.000148
2.475999999999999,0.0001452
2.4860000000000007,0.0001436
2.4960000000000004,0.0001434
2.5060000000000002,0.0001448
2.516,0.000148
2.526,0.0001528
2.5359999999999996,0.0001596
2.5459999999999994,0.0001678
2.555999999999999,0.0001774
2.5660000000000007,0.000188
2.5760000000000005,0.0001992
2.5860000000000003,0.00021
2.596,0.000222
2.606,0.000232
2.6159999999999997,0.000242
2.6259999999999994,0.00025
2.6359999999999992,0.000256
2.645999999999999,0.00026
2.6560000000000006,0.00026
2.6660000000000004,0.00026
2.676,0.000256
2.686,0.000248
2.6959999999999997,0.00024
2.7059999999999995,0.00023
2.7159999999999993,0.000216
2.725999999999999,0.000202
2.7360000000000007,0.0001872
2.7460000000000004,0.0001714
2.7560000000000002,0.0001552
2.766,0.000139
2.776,0.000123
2.7859999999999996,0.0001078
2.7959999999999994,9.34e-05
2.805999999999999,8.02e-05
2.8160000000000007,6.8e-05
2.8260000000000005,5.72e-05
2.8360000000000003,4.74e-05
2.846,3.9e-05
2.856,3.16e-05
2.8659999999999997,2.54e-05
2.8759999999999994,2.02e-05
2.8859999999999992,1.592e-05
2.895999999999999,1.238e-05
2.9060000000000006,9.54e-06
2.9160000000000004,7.26e-06
2.926,5.48e-06
2.936,4.08e-06
2.9459999999999997,3e-06
2.9559999999999995,2.2e-06
2.9659999999999993,1.582e-06
2.975999999999999,1.13e-06
2.9860000000000007,7.98e-07
2.9960000000000004,5.58e-07
3.0060000000000002,3.86e-07
3.016,2.64e-07
3.026,1.78e-07
3.0359999999999996,1.192e-07
3.0459999999999994,7.88e-08
3.055999999999999,5.16e-08
3.0660000000000007,3.34e-08
3.0760000000000005,2.14e-08
