,Mo_4dxy
-62.504,2.58e-07
-62.494,4.14e-07
-62.484,6.58e-07
-62.474,1.032e-06
-62.464,1.602e-06
-62.454,2.46e-06
-62.444,3.74e-06
-62.434,5.62e-06
-62.424,8.38e-06
-62.414,1.234e-05
-62.404,1.796e-05
-62.394,2.58e-05
-62.384,3.7e-05
-62.374,5.2e-05
-62.364,7.28e-05
-62.354,0.0001004
-62.344,0.0001372
-62.334,0.0001854
-62.324,0.000248
-62.314,0.000328
-62.304,0.00043
-62.294,0.000556
-62.284,0.000714
-62.274,0.000904
-62.264,0.001134
-62.254,0.001408
-62.244,0.001728
-62.234,0.0021
-62.224,0.00252
-62.214,0.003
-62.204,0.00352
-62.194,0.0041
-62.184,0.00472
-62.174,0.00538
-62.164,0.00608
-62.154,0.00676
-62.144,0.00746
-62.134,0.00816
-62.124,0.0088
-62.114,0.0094
-62.104,0.00994
-62.094,0.0104
-62.084,0.01076
-62.074,0.011
-62.064,0.01114
-62.054,0.01116
-62.044,0.01106
-62.034,0.01084
-62.024,0.01052
-62.014,0.0101
-62.004,0.00958
-61.994,0.009
-61.984,0.00838
-61.974,0.0077
-61.964,0.007
-61.954,0.0063
-61.944,0.00562
-61.934,0.00494
-61.924,0.0043
-61.914,0.00372
-61.904,0.00316
-61.894,0.00268
-61.884,0.00224
-61.874,0.001842
-61.864,0.001506
-61.854,0.001216
-61.844,0.000974
-61.834,0.00077
-61.824,0.000602
-61.814,0.000466
-61.804,0.000358
-61.794,0.00027
-61.784,0.000204
-61.774,0.0001506
-61.764,0.0001106
-61.754,8.02e-05
-61.744,5.76e-05
-61.734,4.1e-05
-61.724,2.88e-05
-61.714,2e-05
-61.704,1.378e-05
-61.694,9.38e-06
-61.684,6.32e-06
-61.674,4.2e-06
-61.664,2.78e-06
-61.654,1.806e-06
-61.644,1.166e-06
-61.634,7.44e-07
-61.624,4.7e-07
-61.614,2.94e-07
-61.604,1.81e-07
-61.594,1.106e-07
-61.584,6.7e-08
-61.574,4e-08
-61.564,2.36e-08
-61.554,1.386e-08
-61.544,8.04e-09
-61.534,4.6e-09
-61.524,2.6e-09
-61.514,1.462e-09
-61.504,8.12e-10
-61.494,4.46e-10
-61.484,2.42e-10
-61.474,1.298e-10
-61.464,6.9e-11
-61.454,3.62e-11
-61.444,1.886e-11
-61.434,9.7e-12
-61.424,4.94e-12
-61.414,2.48e-12
-61.404,1.238e-12
-61.394,6.1e-13
-61.384,2.98e-13
-61.374,1.362e-13
-61.364,6.5e-14
-61.354,0.0
-61.344,0.0
-61.334,0.0
-61.324,0.0
-61.314,0.0
-61.304,0.0
-61.294,0.0
-61.284,0.0
-61.274,0.0
-61.264,0.0
-61.254,0.0
-61.244,0.0
-61.234,0.0
-61.224,0.0
-61.214,0.0
-61.204,0.0
-61.194,0.0
-61.184,0.0
-61.174,0.0
-61.164,0.0
-61.154,0.0
-61.144,0.0
-61.134,0.0
-61.124,0.0
-61.114,0.0
-61.104,0.0
-61.094,0.0
-61.084,0.0
-61.074,0.0
-61.064,0.0
-61.054,0.0
-61.044,0.0
-61.034,0.0
-61.024,0.0
-61.014,0.0
-61.004,0.0
-60.994,0.0
-60.984,0.0
-60.974,0.0
-60.964,0.0
-60.954,0.0
-60.944,0.0
-60.934,0.0
-60.924,0.0
-60.914,0.0
-60.904,0.0
-60.894,0.0
-60.884,0.0
-60.874,0.0
-60.864,0.0
-60.854,0.0
-60.844,0.0
-60.834,0.0
-60.824,0.0
-60.814,0.0
-60.804,0.0
-60.794,0.0
-60.784,0.0
-60.774,0.0
-60.764,0.0
-60.754,0.0
-60.744,0.0
-60.734,0.0
-60.724,0.0
-60.714,0.0
-60.704,0.0
-60.694,0.0
-60.684,0.0
-60.674,0.0
-60.664,0.0
-60.654,0.0
-60.644,0.0
-60.634,0.0
-60.624,0.0
-60.614,0.0
-60.604,0.0
-60.594,0.0
-60.584,0.0
-60.574,0.0
-60.564,0.0
-60.554,0.0
-60.544,0.0
-60.534,0.0
-60.524,0.0
-60.514,0.0
-60.504,0.0
-60.494,0.0
-60.484,0.0
-60.474,0.0
-60.464,0.0
-60.454,0.0
-60.444,0.0
-60.434,0.0
-60.424,0.0
-60.414,0.0
-60.404,0.0
-60.394,0.0
-60.384,0.0
-60.374,0.0
-60.364,0.0
-60.354,0.0
-60.344,0.0
-60.334,0.0
-60.324,0.0
-60.314,0.0
-60.304,0.0
-60.294,0.0
-60.284,0.0
-60.274,0.0
-60.264,0.0
-60.254,0.0
-60.244,0.0
-60.234,0.0
-60.224,0.0
-60.214,0.0
-60.204,0.0
-60.194,0.0
-60.184,0.0
-60.174,0.0
-60.164,0.0
-60.154,0.0
-60.144,0.0
-60.134,0.0
-60.124,0.0
-60.114,0.0
-60.104,0.0
-60.094,0.0
-60.084,0.0
-60.074,0.0
-60.064,0.0
-60.054,0.0
-60.044,0.0
-60.034,0.0
-60.024,0.0
-60.014,0.0
-60.004,0.0
-59.994,0.0
-59.984,0.0
-59.974,0.0
-59.964,0.0
-59.954,0.0
-59.944,0.0
-59.934,0.0
-59.924,0.0
-59.914,0.0
-59.904,0.0
-59.894,0.0
-59.884,0.0
-59.874,0.0
-59.864,0.0
-59.854,0.0
-59.844,0.0
-59.834,0.0
-59.824,0.0
-59.814,0.0
-59.804,0.0
-59.794,0.0
-59.784,0.0
-59.774,0.0
-59.764,0.0
-59.754,0.0
-59.744,0.0
-59.734,0.0
-59.724,0.0
-59.714,0.0
-59.704,0.0
-59.694,0.0
-59.684,0.0
-59.674,0.0
-59.664,0.0
-59.654,0.0
-59.644,0.0
-59.634,0.0
-59.624,0.0
-59.614,0.0
-59.604,0.0
-59.594,0.0
-59.584,0.0
-59.574,0.0
-59.564,0.0
-59.554,0.0
-59.544,0.0
-59.534,0.0
-59.524,0.0
-59.514,0.0
-59.504,0.0
-59.494,0.0
-59.484,0.0
-59.474,0.0
-59.464,0.0
-59.454,0.0
-59.444,0.0
-59.434,0.0
-59.424,0.0
-59.414,0.0
-59.404,0.0
-59.394,0.0
-59.384,0.0
-59.374,0.0
-59.364,0.0
-59.354,0.0
-59.344,0.0
-59.334,0.0
-59.324,0.0
-59.314,0.0
-59.304,0.0
-59.294,0.0
-59.284,0.0
-59.274,0.0
-59.264,0.0
-59.254,0.0
-59.244,0.0
-59.234,0.0
-59.224,0.0
-59.214,0.0
-59.204,0.0
-59.194,0.0
-59.184,0.0
-59.174,0.0
-59.164,0.0
-59.154,0.0
-59.144,0.0
-59.134,0.0
-59.124,0.0
-59.114,0.0
-59.104,0.0
-59.094,0.0
-59.084,0.0
-59.074,0.0
-59.064,0.0
-59.054,0.0
-59.044,0.0
-59.034,0.0
-59.024,0.0
-59.014,0.0
-59.004,0.0
-58.994,0.0
-58.984,0.0
-58.974,0.0
-58.964,0.0
-58.954,0.0
-58.944,0.0
-58.934,0.0
-58.924,0.0
-58.914,0.0
-58.904,0.0
-58.894,0.0
-58.884,0.0
-58.874,0.0
-58.864,0.0
-58.854,0.0
-58.844,0.0
-58.834,0.0
-58.824,0.0
-58.814,0.0
-58.804,0.0
-58.794,0.0
-58.784,0.0
-58.774,0.0
-58.764,0.0
-58.754,0.0
-58.744,0.0
-58.734,0.0
-58.724,0.0
-58.714,0.0
-58.704,0.0
-58.694,0.0
-58.684,0.0
-58.674,0.0
-58.664,0.0
-58.654,0.0
-58.644,0.0
-58.634,0.0
-58.624,0.0
-58.614,0.0
-58.604,0.0
-58.594,0.0
-58.584,0.0
-58.574,0.0
-58.564,0.0
-58.554,0.0
-58.544,0.0
-58.534,0.0
-58.524,0.0
-58.514,0.0
-58.504,0.0
-58.494,0.0
-58.484,0.0
-58.474,0.0
-58.464,0.0
-58.454,0.0
-58.444,0.0
-58.434,0.0
-58.424,0.0
-58.414,0.0
-58.404,0.0
-58.394,0.0
-58.384,0.0
-58.374,0.0
-58.364,0.0
-58.354,0.0
-58.344,0.0
-58.334,0.0
-58.324,0.0
-58.314,0.0
-58.304,0.0
-58.294,0.0
-58.284,0.0
-58.274,0.0
-58.264,0.0
-58.254,0.0
-58.244,0.0
-58.234,0.0
-58.224,0.0
-58.214,0.0
-58.204,0.0
-58.194,0.0
-58.184,0.0
-58.174,0.0
-58.164,0.0
-58.154,0.0
-58.144,0.0
-58.134,0.0
-58.124,0.0
-58.114,0.0
-58.104,0.0
-58.094,0.0
-58.084,0.0
-58.074,0.0
-58.064,0.0
-58.054,0.0
-58.044,0.0
-58.034,0.0
-58.024,0.0
-58.014,0.0
-58.004,0.0
-57.994,0.0
-57.984,0.0
-57.974,0.0
-57.964,0.0
-57.954,0.0
-57.944,0.0
-57.934,0.0
-57.924,0.0
-57.914,0.0
-57.904,0.0
-57.894,0.0
-57.884,0.0
-57.874,0.0
-57.864,0.0
-57.854,0.0
-57.844,0.0
-57.834,0.0
-57.824,0.0
-57.814,0.0
-57.804,0.0
-57.794,0.0
-57.784,0.0
-57.774,0.0
-57.764,0.0
-57.754,0.0
-57.744,0.0
-57.734,0.0
-57.724,0.0
-57.714,0.0
-57.704,0.0
-57.694,0.0
-57.684,0.0
-57.674,0.0
-57.664,0.0
-57.654,0.0
-57.644,0.0
-57.634,0.0
-57.624,0.0
-57.614,0.0
-57.604,0.0
-57.594,0.0
-57.584,0.0
-57.574,0.0
-57.564,0.0
-57.554,0.0
-57.544,0.0
-57.534,0.0
-57.524,0.0
-57.514,0.0
-57.504,0.0
-57.494,0.0
-57.484,0.0
-57.474,0.0
-57.464,0.0
-57.454,0.0
-57.444,0.0
-57.434,0.0
-57.424,0.0
-57.414,0.0
-57.404,0.0
-57.394,0.0
-57.384,0.0
-57.374,0.0
-57.364,0.0
-57.354,0.0
-57.344,0.0
-57.334,0.0
-57.324,0.0
-57.314,0.0
-57.304,0.0
-57.294,0.0
-57.284,0.0
-57.274,0.0
-57.264,0.0
-57.254,0.0
-57.244,0.0
-57.234,0.0
-57.224,0.0
-57.214,0.0
-57.204,0.0
-57.194,0.0
-57.184,0.0
-57.174,0.0
-57.164,0.0
-57.154,0.0
-57.144,0.0
-57.134,0.0
-57.124,0.0
-57.114,0.0
-57.104,0.0
-57.094,0.0
-57.084,0.0
-57.074,0.0
-57.064,0.0
-57.054,0.0
-57.044,0.0
-57.034,0.0
-57.024,0.0
-57.014,0.0
-57.004,0.0
-56.994,0.0
-56.984,0.0
-56.974,0.0
-56.964,0.0
-56.954,0.0
-56.944,0.0
-56.934,0.0
-56.924,0.0
-56.914,0.0
-56.904,0.0
-56.894,0.0
-56.884,0.0
-56.874,0.0
-56.864,0.0
-56.854,0.0
-56.844,0.0
-56.834,0.0
-56.824,0.0
-56.814,0.0
-56.804,0.0
-56.794,0.0
-56.784,0.0
-56.774,0.0
-56.764,0.0
-56.754,0.0
-56.744,0.0
-56.734,0.0
-56.724,0.0
-56.714,0.0
-56.704,0.0
-56.694,0.0
-56.684,0.0
-56.674,0.0
-56.664,0.0
-56.654,0.0
-56.644,0.0
-56.634,0.0
-56.624,0.0
-56.614,0.0
-56.604,0.0
-56.594,0.0
-56.584,0.0
-56.574,0.0
-56.564,0.0
-56.554,0.0
-56.544,0.0
-56.534,0.0
-56.524,0.0
-56.514,0.0
-56.504,0.0
-56.494,0.0
-56.484,0.0
-56.474,0.0
-56.464,0.0
-56.454,0.0
-56.444,0.0
-56.434,0.0
-56.424,0.0
-56.414,0.0
-56.404,0.0
-56.394,0.0
-56.384,0.0
-56.374,0.0
-56.364,0.0
-56.354,0.0
-56.344,0.0
-56.334,0.0
-56.324,0.0
-56.314,0.0
-56.304,0.0
-56.294,0.0
-56.284,0.0
-56.274,0.0
-56.264,0.0
-56.254,0.0
-56.244,0.0
-56.234,0.0
-56.224,0.0
-56.214,0.0
-56.204,0.0
-56.194,0.0
-56.184,0.0
-56.174,0.0
-56.164,0.0
-56.154,0.0
-56.144,0.0
-56.134,0.0
-56.124,0.0
-56.114,0.0
-56.104,0.0
-56.094,0.0
-56.084,0.0
-56.074,0.0
-56.064,0.0
-56.054,0.0
-56.044,0.0
-56.034,0.0
-56.024,0.0
-56.014,0.0
-56.004,0.0
-55.994,0.0
-55.984,0.0
-55.974,0.0
-55.964,0.0
-55.954,0.0
-55.944,0.0
-55.934,0.0
-55.924,0.0
-55.914,0.0
-55.904,0.0
-55.894,0.0
-55.884,0.0
-55.874,0.0
-55.864,0.0
-55.854,0.0
-55.844,0.0
-55.834,0.0
-55.824,0.0
-55.814,0.0
-55.804,0.0
-55.794,0.0
-55.784,0.0
-55.774,0.0
-55.764,0.0
-55.754,0.0
-55.744,0.0
-55.734,0.0
-55.724,0.0
-55.714,0.0
-55.704,0.0
-55.694,0.0
-55.684,0.0
-55.674,0.0
-55.664,0.0
-55.654,0.0
-55.644,0.0
-55.634,0.0
-55.624,0.0
-55.614,0.0
-55.604,0.0
-55.594,0.0
-55.584,0.0
-55.574,0.0
-55.564,0.0
-55.554,0.0
-55.544,0.0
-55.534,0.0
-55.524,0.0
-55.514,0.0
-55.504,0.0
-55.494,0.0
-55.484,0.0
-55.474,0.0
-55.464,0.0
-55.454,0.0
-55.444,0.0
-55.434,0.0
-55.424,0.0
-55.414,0.0
-55.404,0.0
-55.394,0.0
-55.384,0.0
-55.374,0.0
-55.364,0.0
-55.354,0.0
-55.344,0.0
-55.334,0.0
-55.324,0.0
-55.314,0.0
-55.304,0.0
-55.294,0.0
-55.284,0.0
-55.274,0.0
-55.264,0.0
-55.254,0.0
-55.244,0.0
-55.234,0.0
-55.224,0.0
-55.214,0.0
-55.204,0.0
-55.194,0.0
-55.184,0.0
-55.174,0.0
-55.164,0.0
-55.154,0.0
-55.144,0.0
-55.134,0.0
-55.124,0.0
-55.114,0.0
-55.104,0.0
-55.094,0.0
-55.084,0.0
-55.074,0.0
-55.064,0.0
-55.054,0.0
-55.044,0.0
-55.034,0.0
-55.024,0.0
-55.014,0.0
-55.004,0.0
-54.994,0.0
-54.984,0.0
-54.974,0.0
-54.964,0.0
-54.954,0.0
-54.944,0.0
-54.934,0.0
-54.924,0.0
-54.914,0.0
-54.904,0.0
-54.894,0.0
-54.884,0.0
-54.874,0.0
-54.864,0.0
-54.854,0.0
-54.844,0.0
-54.834,0.0
-54.824,0.0
-54.814,0.0
-54.804,0.0
-54.794,0.0
-54.784,0.0
-54.774,0.0
-54.764,0.0
-54.754,0.0
-54.744,0.0
-54.734,0.0
-54.724,0.0
-54.714,0.0
-54.704,0.0
-54.694,0.0
-54.684,0.0
-54.674,0.0
-54.664,0.0
-54.654,0.0
-54.644,0.0
-54.634,0.0
-54.624,0.0
-54.614,0.0
-54.604,0.0
-54.594,0.0
-54.584,0.0
-54.574,0.0
-54.564,0.0
-54.554,0.0
-54.544,0.0
-54.534,0.0
-54.524,0.0
-54.514,0.0
-54.504,0.0
-54.494,0.0
-54.484,0.0
-54.474,0.0
-54.464,0.0
-54.454,0.0
-54.444,0.0
-54.434,0.0
-54.424,0.0
-54.414,0.0
-54.404,0.0
-54.394,0.0
-54.384,0.0
-54.374,0.0
-54.364,0.0
-54.354,0.0
-54.344,0.0
-54.334,0.0
-54.324,0.0
-54.314,0.0
-54.304,0.0
-54.294,0.0
-54.284,0.0
-54.274,0.0
-54.264,0.0
-54.254,0.0
-54.244,0.0
-54.234,0.0
-54.224,0.0
-54.214,0.0
-54.204,0.0
-54.194,0.0
-54.184,0.0
-54.174,0.0
-54.164,0.0
-54.154,0.0
-54.144,0.0
-54.134,0.0
-54.124,0.0
-54.114,0.0
-54.104,0.0
-54.094,0.0
-54.084,0.0
-54.074,0.0
-54.064,0.0
-54.054,0.0
-54.044,0.0
-54.034,0.0
-54.024,0.0
-54.014,0.0
-54.004,0.0
-53.994,0.0
-53.984,0.0
-53.974,0.0
-53.964,0.0
-53.954,0.0
-53.944,0.0
-53.934,0.0
-53.924,0.0
-53.914,0.0
-53.904,0.0
-53.894,0.0
-53.884,0.0
-53.874,0.0
-53.864,0.0
-53.854,0.0
-53.844,0.0
-53.834,0.0
-53.824,0.0
-53.814,0.0
-53.804,0.0
-53.794,0.0
-53.784,0.0
-53.774,0.0
-53.764,0.0
-53.754,0.0
-53.744,0.0
-53.734,0.0
-53.724,0.0
-53.714,0.0
-53.704,0.0
-53.694,0.0
-53.684,0.0
-53.674,0.0
-53.664,0.0
-53.654,0.0
-53.644,0.0
-53.634,0.0
-53.624,0.0
-53.614,0.0
-53.604,0.0
-53.594,0.0
-53.584,0.0
-53.574,0.0
-53.564,0.0
-53.554,0.0
-53.544,0.0
-53.534,0.0
-53.524,0.0
-53.514,0.0
-53.504,0.0
-53.494,0.0
-53.484,0.0
-53.474,0.0
-53.464,0.0
-53.454,0.0
-53.444,0.0
-53.434,0.0
-53.424,0.0
-53.414,0.0
-53.404,0.0
-53.394,0.0
-53.384,0.0
-53.374,0.0
-53.364,0.0
-53.354,0.0
-53.344,0.0
-53.334,0.0
-53.324,0.0
-53.314,0.0
-53.304,0.0
-53.294,0.0
-53.284,0.0
-53.274,0.0
-53.264,0.0
-53.254,0.0
-53.244,0.0
-53.234,0.0
-53.224,0.0
-53.214,0.0
-53.204,0.0
-53.194,0.0
-53.184,0.0
-53.174,0.0
-53.164,0.0
-53.154,0.0
-53.144,0.0
-53.134,0.0
-53.124,0.0
-53.114,0.0
-53.104,0.0
-53.094,0.0
-53.084,0.0
-53.074,0.0
-53.064,0.0
-53.054,0.0
-53.044,0.0
-53.034,0.0
-53.024,0.0
-53.014,0.0
-53.004,0.0
-52.994,0.0
-52.984,0.0
-52.974,0.0
-52.964,0.0
-52.954,0.0
-52.944,0.0
-52.934,0.0
-52.924,0.0
-52.914,0.0
-52.904,0.0
-52.894,0.0
-52.884,0.0
-52.874,0.0
-52.864,0.0
-52.854,0.0
-52.844,0.0
-52.834,0.0
-52.824,0.0
-52.814,0.0
-52.804,0.0
-52.794,0.0
-52.784,0.0
-52.774,0.0
-52.764,0.0
-52.754,0.0
-52.744,0.0
-52.734,0.0
-52.724,0.0
-52.714,0.0
-52.704,0.0
-52.694,0.0
-52.684,0.0
-52.674,0.0
-52.664,0.0
-52.654,0.0
-52.644,0.0
-52.634,0.0
-52.624,0.0
-52.614,0.0
-52.604,0.0
-52.594,0.0
-52.584,0.0
-52.574,0.0
-52.564,0.0
-52.554,0.0
-52.544,0.0
-52.534,0.0
-52.524,0.0
-52.514,0.0
-52.504,0.0
-52.494,0.0
-52.484,0.0
-52.474,0.0
-52.464,0.0
-52.454,0.0
-52.444,0.0
-52.434,0.0
-52.424,0.0
-52.414,0.0
-52.404,0.0
-52.394,0.0
-52.384,0.0
-52.374,0.0
-52.364,0.0
-52.354,0.0
-52.344,0.0
-52.334,0.0
-52.324,0.0
-52.314,0.0
-52.304,0.0
-52.294,0.0
-52.284,0.0
-52.274,0.0
-52.264,0.0
-52.254,0.0
-52.244,0.0
-52.234,0.0
-52.224,0.0
-52.214,0.0
-52.204,0.0
-52.194,0.0
-52.184,0.0
-52.174,0.0
-52.164,0.0
-52.154,0.0
-52.144,0.0
-52.134,0.0
-52.124,0.0
-52.114,0.0
-52.104,0.0
-52.094,0.0
-52.084,0.0
-52.074,0.0
-52.064,0.0
-52.054,0.0
-52.044,0.0
-52.034,0.0
-52.024,0.0
-52.014,0.0
-52.004,0.0
-51.994,0.0
-51.984,0.0
-51.974,0.0
-51.964,0.0
-51.954,0.0
-51.944,0.0
-51.934,0.0
-51.924,0.0
-51.914,0.0
-51.904,0.0
-51.894,0.0
-51.884,0.0
-51.874,0.0
-51.864,0.0
-51.854,0.0
-51.844,0.0
-51.834,0.0
-51.824,0.0
-51.814,0.0
-51.804,0.0
-51.794,0.0
-51.784,0.0
-51.774,0.0
-51.764,0.0
-51.754,0.0
-51.744,0.0
-51.734,0.0
-51.724,0.0
-51.714,0.0
-51.704,0.0
-51.694,0.0
-51.684,0.0
-51.674,0.0
-51.664,0.0
-51.654,0.0
-51.644,0.0
-51.634,0.0
-51.624,0.0
-51.614,0.0
-51.604,0.0
-51.594,0.0
-51.584,0.0
-51.574,0.0
-51.564,0.0
-51.554,0.0
-51.544,0.0
-51.534,0.0
-51.524,0.0
-51.514,0.0
-51.504,0.0
-51.494,0.0
-51.484,0.0
-51.474,0.0
-51.464,0.0
-51.454,0.0
-51.444,0.0
-51.434,0.0
-51.424,0.0
-51.414,0.0
-51.404,0.0
-51.394,0.0
-51.384,0.0
-51.374,0.0
-51.364,0.0
-51.354,0.0
-51.344,0.0
-51.334,0.0
-51.324,0.0
-51.314,0.0
-51.304,0.0
-51.294,0.0
-51.284,0.0
-51.274,0.0
-51.264,0.0
-51.254,0.0
-51.244,0.0
-51.234,0.0
-51.224,0.0
-51.214,0.0
-51.204,0.0
-51.194,0.0
-51.184,0.0
-51.174,0.0
-51.164,0.0
-51.154,0.0
-51.144,0.0
-51.134,0.0
-51.124,0.0
-51.114,0.0
-51.104,0.0
-51.094,0.0
-51.084,0.0
-51.074,0.0
-51.064,0.0
-51.054,0.0
-51.044,0.0
-51.034,0.0
-51.024,0.0
-51.014,0.0
-51.004,0.0
-50.994,0.0
-50.984,0.0
-50.974,0.0
-50.964,0.0
-50.954,0.0
-50.944,0.0
-50.934,0.0
-50.924,0.0
-50.914,0.0
-50.904,0.0
-50.894,0.0
-50.884,0.0
-50.874,0.0
-50.864,0.0
-50.854,0.0
-50.844,0.0
-50.834,0.0
-50.824,0.0
-50.814,0.0
-50.804,0.0
-50.794,0.0
-50.784,0.0
-50.774,0.0
-50.764,0.0
-50.754,0.0
-50.744,0.0
-50.734,0.0
-50.724,0.0
-50.714,0.0
-50.704,0.0
-50.694,0.0
-50.684,0.0
-50.674,0.0
-50.664,0.0
-50.654,0.0
-50.644,0.0
-50.634,0.0
-50.624,0.0
-50.614,0.0
-50.604,0.0
-50.594,0.0
-50.584,0.0
-50.574,0.0
-50.564,0.0
-50.554,0.0
-50.544,0.0
-50.534,0.0
-50.524,0.0
-50.514,0.0
-50.504,0.0
-50.494,0.0
-50.484,0.0
-50.474,0.0
-50.464,0.0
-50.454,0.0
-50.444,0.0
-50.434,0.0
-50.424,0.0
-50.414,0.0
-50.404,0.0
-50.394,0.0
-50.384,0.0
-50.374,0.0
-50.364,0.0
-50.354,0.0
-50.344,0.0
-50.334,0.0
-50.324,0.0
-50.314,0.0
-50.304,0.0
-50.294,0.0
-50.284,0.0
-50.274,0.0
-50.264,0.0
-50.254,0.0
-50.244,0.0
-50.234,0.0
-50.224,0.0
-50.214,0.0
-50.204,0.0
-50.194,0.0
-50.184,0.0
-50.174,0.0
-50.164,0.0
-50.154,0.0
-50.144,0.0
-50.134,0.0
-50.124,0.0
-50.114,0.0
-50.104,0.0
-50.094,0.0
-50.084,0.0
-50.074,0.0
-50.064,0.0
-50.054,0.0
-50.044,0.0
-50.034,0.0
-50.024,0.0
-50.014,0.0
-50.004,0.0
-49.994,0.0
-49.984,0.0
-49.974,0.0
-49.964,0.0
-49.954,0.0
-49.944,0.0
-49.934,0.0
-49.924,0.0
-49.914,0.0
-49.904,0.0
-49.894,0.0
-49.884,0.0
-49.874,0.0
-49.864,0.0
-49.854,0.0
-49.844,0.0
-49.834,0.0
-49.824,0.0
-49.814,0.0
-49.804,0.0
-49.794,0.0
-49.784,0.0
-49.774,0.0
-49.764,0.0
-49.754,0.0
-49.744,0.0
-49.734,0.0
-49.724,0.0
-49.714,0.0
-49.704,0.0
-49.694,0.0
-49.684,0.0
-49.674,0.0
-49.664,0.0
-49.654,0.0
-49.644,0.0
-49.634,0.0
-49.624,0.0
-49.614,0.0
-49.604,0.0
-49.594,0.0
-49.584,0.0
-49.574,0.0
-49.564,0.0
-49.554,0.0
-49.544,0.0
-49.534,0.0
-49.524,0.0
-49.514,0.0
-49.504,0.0
-49.494,0.0
-49.484,0.0
-49.474,0.0
-49.464,0.0
-49.454,0.0
-49.444,0.0
-49.434,0.0
-49.424,0.0
-49.414,0.0
-49.404,0.0
-49.394,0.0
-49.384,0.0
-49.374,0.0
-49.364,0.0
-49.354,0.0
-49.344,0.0
-49.334,0.0
-49.324,0.0
-49.314,0.0
-49.304,0.0
-49.294,0.0
-49.284,0.0
-49.274,0.0
-49.264,0.0
-49.254,0.0
-49.244,0.0
-49.234,0.0
-49.224,0.0
-49.214,0.0
-49.204,0.0
-49.194,0.0
-49.184,0.0
-49.174,0.0
-49.164,0.0
-49.154,0.0
-49.144,0.0
-49.134,0.0
-49.124,0.0
-49.114,0.0
-49.104,0.0
-49.094,0.0
-49.084,0.0
-49.074,0.0
-49.064,0.0
-49.054,0.0
-49.044,0.0
-49.034,0.0
-49.024,0.0
-49.014,0.0
-49.004,0.0
-48.994,0.0
-48.984,0.0
-48.974,0.0
-48.964,0.0
-48.954,0.0
-48.944,0.0
-48.934,0.0
-48.924,0.0
-48.914,0.0
-48.904,0.0
-48.894,0.0
-48.884,0.0
-48.874,0.0
-48.864,0.0
-48.854,0.0
-48.844,0.0
-48.834,0.0
-48.824,0.0
-48.814,0.0
-48.804,0.0
-48.794,0.0
-48.784,0.0
-48.774,0.0
-48.764,0.0
-48.754,0.0
-48.744,0.0
-48.734,0.0
-48.724,0.0
-48.714,0.0
-48.704,0.0
-48.694,0.0
-48.684,0.0
-48.674,0.0
-48.664,0.0
-48.654,0.0
-48.644,0.0
-48.634,0.0
-48.624,0.0
-48.614,0.0
-48.604,0.0
-48.594,0.0
-48.584,0.0
-48.574,0.0
-48.564,0.0
-48.554,0.0
-48.544,0.0
-48.534,0.0
-48.524,0.0
-48.514,0.0
-48.504,0.0
-48.494,0.0
-48.484,0.0
-48.474,0.0
-48.464,0.0
-48.454,0.0
-48.444,0.0
-48.434,0.0
-48.424,0.0
-48.414,0.0
-48.404,0.0
-48.394,0.0
-48.384,0.0
-48.374,0.0
-48.364,0.0
-48.354,0.0
-48.344,0.0
-48.334,0.0
-48.324,0.0
-48.314,0.0
-48.304,0.0
-48.294,0.0
-48.284,0.0
-48.274,0.0
-48.264,0.0
-48.254,0.0
-48.244,0.0
-48.234,0.0
-48.224,0.0
-48.214,0.0
-48.204,0.0
-48.194,0.0
-48.184,0.0
-48.174,0.0
-48.164,0.0
-48.154,0.0
-48.144,0.0
-48.134,0.0
-48.124,0.0
-48.114,0.0
-48.104,0.0
-48.094,0.0
-48.084,0.0
-48.074,0.0
-48.064,0.0
-48.054,0.0
-48.044,0.0
-48.034,0.0
-48.024,0.0
-48.014,0.0
-48.004,0.0
-47.994,0.0
-47.984,0.0
-47.974,0.0
-47.964,0.0
-47.954,0.0
-47.944,0.0
-47.934,0.0
-47.924,0.0
-47.914,0.0
-47.904,0.0
-47.894,0.0
-47.884,0.0
-47.874,0.0
-47.864,0.0
-47.854,0.0
-47.844,0.0
-47.834,0.0
-47.824,0.0
-47.814,0.0
-47.804,0.0
-47.794,0.0
-47.784,0.0
-47.774,0.0
-47.764,0.0
-47.754,0.0
-47.744,0.0
-47.734,0.0
-47.724,0.0
-47.714,0.0
-47.704,0.0
-47.694,0.0
-47.684,0.0
-47.674,0.0
-47.664,0.0
-47.654,0.0
-47.644,0.0
-47.634,0.0
-47.624,0.0
-47.614,0.0
-47.604,0.0
-47.594,0.0
-47.584,0.0
-47.574,0.0
-47.564,0.0
-47.554,0.0
-47.544,0.0
-47.534,0.0
-47.524,0.0
-47.514,0.0
-47.504,0.0
-47.494,0.0
-47.484,0.0
-47.474,0.0
-47.464,0.0
-47.454,0.0
-47.444,0.0
-47.434,0.0
-47.424,0.0
-47.414,0.0
-47.404,0.0
-47.394,0.0
-47.384,0.0
-47.374,0.0
-47.364,0.0
-47.354,0.0
-47.344,0.0
-47.334,0.0
-47.324,0.0
-47.314,0.0
-47.304,0.0
-47.294,0.0
-47.284,0.0
-47.274,0.0
-47.264,0.0
-47.254,0.0
-47.244,0.0
-47.234,0.0
-47.224,0.0
-47.214,0.0
-47.204,0.0
-47.194,0.0
-47.184,0.0
-47.174,0.0
-47.164,0.0
-47.154,0.0
-47.144,0.0
-47.134,0.0
-47.124,0.0
-47.114,0.0
-47.104,0.0
-47.094,0.0
-47.084,0.0
-47.074,0.0
-47.064,0.0
-47.054,0.0
-47.044,0.0
-47.034,0.0
-47.024,0.0
-47.014,0.0
-47.004,0.0
-46.994,0.0
-46.984,0.0
-46.974,0.0
-46.964,0.0
-46.954,0.0
-46.944,0.0
-46.934,0.0
-46.924,0.0
-46.914,0.0
-46.904,0.0
-46.894,0.0
-46.884,0.0
-46.874,0.0
-46.864,0.0
-46.854,0.0
-46.844,0.0
-46.834,0.0
-46.824,0.0
-46.814,0.0
-46.804,0.0
-46.794,0.0
-46.784,0.0
-46.774,0.0
-46.764,0.0
-46.754,0.0
-46.744,0.0
-46.734,0.0
-46.724,0.0
-46.714,0.0
-46.704,0.0
-46.694,0.0
-46.684,0.0
-46.674,0.0
-46.664,0.0
-46.654,0.0
-46.644,0.0
-46.634,0.0
-46.624,0.0
-46.614,0.0
-46.604,0.0
-46.594,0.0
-46.584,0.0
-46.574,0.0
-46.564,0.0
-46.554,0.0
-46.544,0.0
-46.534,0.0
-46.524,0.0
-46.514,0.0
-46.504,0.0
-46.494,0.0
-46.484,0.0
-46.474,0.0
-46.464,0.0
-46.454,0.0
-46.444,0.0
-46.434,0.0
-46.424,0.0
-46.414,0.0
-46.404,0.0
-46.394,0.0
-46.384,0.0
-46.374,0.0
-46.364,0.0
-46.354,0.0
-46.344,0.0
-46.334,0.0
-46.324,0.0
-46.314,0.0
-46.304,0.0
-46.294,0.0
-46.284,0.0
-46.274,0.0
-46.264,0.0
-46.254,0.0
-46.244,0.0
-46.234,0.0
-46.224,0.0
-46.214,0.0
-46.204,0.0
-46.194,0.0
-46.184,0.0
-46.174,0.0
-46.164,0.0
-46.154,0.0
-46.144,0.0
-46.134,0.0
-46.124,0.0
-46.114,0.0
-46.104,0.0
-46.094,0.0
-46.084,0.0
-46.074,0.0
-46.064,0.0
-46.054,0.0
-46.044,0.0
-46.034,0.0
-46.024,0.0
-46.014,0.0
-46.004,0.0
-45.994,0.0
-45.984,0.0
-45.974,0.0
-45.964,0.0
-45.954,0.0
-45.944,0.0
-45.934,0.0
-45.924,0.0
-45.914,0.0
-45.904,0.0
-45.894,0.0
-45.884,0.0
-45.874,0.0
-45.864,0.0
-45.854,0.0
-45.844,0.0
-45.834,0.0
-45.824,0.0
-45.814,0.0
-45.804,0.0
-45.794,0.0
-45.784,0.0
-45.774,0.0
-45.764,0.0
-45.754,0.0
-45.744,0.0
-45.734,0.0
-45.724,0.0
-45.714,0.0
-45.704,0.0
-45.694,0.0
-45.684,0.0
-45.674,0.0
-45.664,0.0
-45.654,0.0
-45.644,0.0
-45.634,0.0
-45.624,0.0
-45.614,0.0
-45.604,0.0
-45.594,0.0
-45.584,0.0
-45.574,0.0
-45.564,0.0
-45.554,0.0
-45.544,0.0
-45.534,0.0
-45.524,0.0
-45.514,0.0
-45.504,0.0
-45.494,0.0
-45.484,0.0
-45.474,0.0
-45.464,0.0
-45.454,0.0
-45.444,0.0
-45.434,0.0
-45.424,0.0
-45.414,0.0
-45.404,0.0
-45.394,0.0
-45.384,0.0
-45.374,0.0
-45.364,0.0
-45.354,0.0
-45.344,0.0
-45.334,0.0
-45.324,0.0
-45.314,0.0
-45.304,0.0
-45.294,0.0
-45.284,0.0
-45.274,0.0
-45.264,0.0
-45.254,0.0
-45.244,0.0
-45.234,0.0
-45.224,0.0
-45.214,0.0
-45.204,0.0
-45.194,0.0
-45.184,0.0
-45.174,0.0
-45.164,0.0
-45.154,0.0
-45.144,0.0
-45.134,0.0
-45.124,0.0
-45.114,0.0
-45.104,0.0
-45.094,0.0
-45.084,0.0
-45.074,0.0
-45.064,0.0
-45.054,0.0
-45.044,0.0
-45.034,0.0
-45.024,0.0
-45.014,0.0
-45.004,0.0
-44.994,0.0
-44.984,0.0
-44.974,0.0
-44.964,0.0
-44.954,0.0
-44.944,0.0
-44.934,0.0
-44.924,0.0
-44.914,0.0
-44.904,0.0
-44.894,0.0
-44.884,0.0
-44.874,0.0
-44.864,0.0
-44.854,0.0
-44.844,0.0
-44.834,0.0
-44.824,0.0
-44.814,0.0
-44.804,0.0
-44.794,0.0
-44.784,0.0
-44.774,0.0
-44.764,0.0
-44.754,0.0
-44.744,0.0
-44.734,0.0
-44.724,0.0
-44.714,0.0
-44.704,0.0
-44.694,0.0
-44.684,0.0
-44.674,0.0
-44.664,0.0
-44.654,0.0
-44.644,0.0
-44.634,0.0
-44.624,0.0
-44.614,0.0
-44.604,0.0
-44.594,0.0
-44.584,0.0
-44.574,0.0
-44.564,0.0
-44.554,0.0
-44.544,0.0
-44.534,0.0
-44.524,0.0
-44.514,0.0
-44.504,0.0
-44.494,0.0
-44.484,0.0
-44.474,0.0
-44.464,0.0
-44.454,0.0
-44.444,0.0
-44.434,0.0
-44.424,0.0
-44.414,0.0
-44.404,0.0
-44.394,0.0
-44.384,0.0
-44.374,0.0
-44.364,0.0
-44.354,0.0
-44.344,0.0
-44.334,0.0
-44.324,0.0
-44.314,0.0
-44.304,0.0
-44.294,0.0
-44.284,0.0
-44.274,0.0
-44.264,0.0
-44.254,0.0
-44.244,0.0
-44.234,0.0
-44.224,0.0
-44.214,0.0
-44.204,0.0
-44.194,0.0
-44.184,0.0
-44.174,0.0
-44.164,0.0
-44.154,0.0
-44.144,0.0
-44.134,0.0
-44.124,0.0
-44.114,0.0
-44.104,0.0
-44.094,0.0
-44.084,0.0
-44.074,0.0
-44.064,0.0
-44.054,0.0
-44.044,0.0
-44.034,0.0
-44.024,0.0
-44.014,0.0
-44.004,0.0
-43.994,0.0
-43.984,0.0
-43.974,0.0
-43.964,0.0
-43.954,0.0
-43.944,0.0
-43.934,0.0
-43.924,0.0
-43.914,0.0
-43.904,0.0
-43.894,0.0
-43.884,0.0
-43.873999999999995,0.0
-43.864000000000004,0.0
-43.854,0.0
-43.844,0.0
-43.834,0.0
-43.824,0.0
-43.814,0.0
-43.804,0.0
-43.794,0.0
-43.784,0.0
-43.774,0.0
-43.763999999999996,0.0
-43.754000000000005,0.0
-43.744,0.0
-43.734,0.0
-43.724000000000004,0.0
-43.714,0.0
-43.704,0.0
-43.694,0.0
-43.684,0.0
-43.674,0.0
-43.664,0.0
-43.653999999999996,0.0
-43.644,0.0
-43.634,0.0
-43.623999999999995,0.0
-43.614000000000004,0.0
-43.604,0.0
-43.594,0.0
-43.584,0.0
-43.574,0.0
-43.564,0.0
-43.554,0.0
-43.544,0.0
-43.534,0.0
-43.524,0.0
-43.513999999999996,0.0
-43.504000000000005,0.0
-43.494,0.0
-43.484,0.0
-43.474000000000004,0.0
-43.464,0.0
-43.454,0.0
-43.444,0.0
-43.434,0.0
-43.424,0.0
-43.414,0.0
-43.403999999999996,0.0
-43.394,0.0
-43.384,0.0
-43.373999999999995,0.0
-43.364000000000004,0.0
-43.354,0.0
-43.344,0.0
-43.334,0.0
-43.324,0.0
-43.314,0.0
-43.304,0.0
-43.294,0.0
-43.284,0.0
-43.274,0.0
-43.263999999999996,0.0
-43.254000000000005,0.0
-43.244,0.0
-43.234,0.0
-43.224000000000004,0.0
-43.214,0.0
-43.204,0.0
-43.194,0.0
-43.184,0.0
-43.174,0.0
-43.164,0.0
-43.153999999999996,0.0
-43.144,0.0
-43.134,0.0
-43.123999999999995,0.0
-43.114000000000004,0.0
-43.104,0.0
-43.094,0.0
-43.084,0.0
-43.074,0.0
-43.064,0.0
-43.054,0.0
-43.044,0.0
-43.034,0.0
-43.024,0.0
-43.013999999999996,0.0
-43.004000000000005,0.0
-42.994,0.0
-42.984,0.0
-42.974000000000004,0.0
-42.964,0.0
-42.954,0.0
-42.944,0.0
-42.934,0.0
-42.924,0.0
-42.914,0.0
-42.903999999999996,0.0
-42.894,0.0
-42.884,0.0
-42.873999999999995,0.0
-42.864000000000004,0.0
-42.854,0.0
-42.844,0.0
-42.834,0.0
-42.824,0.0
-42.814,0.0
-42.804,0.0
-42.794,0.0
-42.784,0.0
-42.774,0.0
-42.763999999999996,0.0
-42.754000000000005,0.0
-42.744,0.0
-42.734,0.0
-42.724000000000004,0.0
-42.714,0.0
-42.704,0.0
-42.694,0.0
-42.684,0.0
-42.674,0.0
-42.664,0.0
-42.653999999999996,0.0
-42.644,0.0
-42.634,0.0
-42.623999999999995,0.0
-42.614000000000004,0.0
-42.604,0.0
-42.594,0.0
-42.584,0.0
-42.574,0.0
-42.564,0.0
-42.554,0.0
-42.544,0.0
-42.534,0.0
-42.524,0.0
-42.513999999999996,0.0
-42.504000000000005,0.0
-42.494,0.0
-42.484,0.0
-42.474000000000004,0.0
-42.464,0.0
-42.454,0.0
-42.444,0.0
-42.434,0.0
-42.424,0.0
-42.414,0.0
-42.403999999999996,0.0
-42.394,0.0
-42.384,0.0
-42.373999999999995,0.0
-42.364000000000004,0.0
-42.354,0.0
-42.344,0.0
-42.334,0.0
-42.324,0.0
-42.314,0.0
-42.304,0.0
-42.294,0.0
-42.284,0.0
-42.274,0.0
-42.263999999999996,0.0
-42.254000000000005,0.0
-42.244,0.0
-42.234,0.0
-42.224000000000004,0.0
-42.214,0.0
-42.204,0.0
-42.194,0.0
-42.184,0.0
-42.174,0.0
-42.164,0.0
-42.153999999999996,0.0
-42.144,0.0
-42.134,0.0
-42.123999999999995,0.0
-42.114000000000004,0.0
-42.104,0.0
-42.094,0.0
-42.084,0.0
-42.074,0.0
-42.064,0.0
-42.054,0.0
-42.044,0.0
-42.034,0.0
-42.024,0.0
-42.013999999999996,0.0
-42.004000000000005,0.0
-41.994,0.0
-41.984,0.0
-41.974000000000004,0.0
-41.964,0.0
-41.954,0.0
-41.944,0.0
-41.934,0.0
-41.924,0.0
-41.914,0.0
-41.903999999999996,0.0
-41.894,0.0
-41.884,0.0
-41.873999999999995,0.0
-41.864000000000004,0.0
-41.854,0.0
-41.844,0.0
-41.834,0.0
-41.824,0.0
-41.814,0.0
-41.804,0.0
-41.794,0.0
-41.784,0.0
-41.774,0.0
-41.763999999999996,0.0
-41.754000000000005,0.0
-41.744,0.0
-41.734,0.0
-41.724000000000004,0.0
-41.714,0.0
-41.704,0.0
-41.694,0.0
-41.684,0.0
-41.674,0.0
-41.664,0.0
-41.653999999999996,0.0
-41.644,0.0
-41.634,0.0
-41.623999999999995,0.0
-41.614000000000004,0.0
-41.604,0.0
-41.594,0.0
-41.584,0.0
-41.574,0.0
-41.564,0.0
-41.554,0.0
-41.544,0.0
-41.534,0.0
-41.524,0.0
-41.513999999999996,0.0
-41.504000000000005,0.0
-41.494,0.0
-41.484,0.0
-41.474000000000004,0.0
-41.464,0.0
-41.454,0.0
-41.444,0.0
-41.434,0.0
-41.424,0.0
-41.414,0.0
-41.403999999999996,0.0
-41.394,0.0
-41.384,0.0
-41.373999999999995,0.0
-41.364000000000004,0.0
-41.354,0.0
-41.344,0.0
-41.334,0.0
-41.324,0.0
-41.314,0.0
-41.304,0.0
-41.294,0.0
-41.284,0.0
-41.274,0.0
-41.263999999999996,0.0
-41.254000000000005,0.0
-41.244,0.0
-41.234,0.0
-41.224000000000004,0.0
-41.214,0.0
-41.204,0.0
-41.194,0.0
-41.184,0.0
-41.174,0.0
-41.164,0.0
-41.153999999999996,0.0
-41.144,0.0
-41.134,0.0
-41.123999999999995,0.0
-41.114000000000004,0.0
-41.104,0.0
-41.094,0.0
-41.084,0.0
-41.074,0.0
-41.064,0.0
-41.054,0.0
-41.044,0.0
-41.034,0.0
-41.024,0.0
-41.013999999999996,0.0
-41.004000000000005,0.0
-40.994,0.0
-40.984,0.0
-40.974000000000004,0.0
-40.964,0.0
-40.954,0.0
-40.944,0.0
-40.934,0.0
-40.924,0.0
-40.914,0.0
-40.903999999999996,0.0
-40.894,0.0
-40.884,0.0
-40.873999999999995,0.0
-40.864000000000004,0.0
-40.854,0.0
-40.844,0.0
-40.834,0.0
-40.824,0.0
-40.814,0.0
-40.804,0.0
-40.794,0.0
-40.784,0.0
-40.774,0.0
-40.763999999999996,0.0
-40.754000000000005,0.0
-40.744,0.0
-40.734,0.0
-40.724000000000004,0.0
-40.714,0.0
-40.704,0.0
-40.694,0.0
-40.684,0.0
-40.674,0.0
-40.664,0.0
-40.653999999999996,0.0
-40.644,0.0
-40.634,0.0
-40.623999999999995,0.0
-40.614000000000004,0.0
-40.604,0.0
-40.594,0.0
-40.584,0.0
-40.574,0.0
-40.564,0.0
-40.554,0.0
-40.544,0.0
-40.534,0.0
-40.524,0.0
-40.513999999999996,0.0
-40.504000000000005,0.0
-40.494,0.0
-40.484,0.0
-40.474000000000004,0.0
-40.464,0.0
-40.454,0.0
-40.444,0.0
-40.434,0.0
-40.424,0.0
-40.414,0.0
-40.403999999999996,0.0
-40.394,0.0
-40.384,0.0
-40.373999999999995,0.0
-40.364000000000004,0.0
-40.354,0.0
-40.344,0.0
-40.334,0.0
-40.324,0.0
-40.314,0.0
-40.304,0.0
-40.294,0.0
-40.284,0.0
-40.274,0.0
-40.263999999999996,0.0
-40.254000000000005,0.0
-40.244,0.0
-40.234,0.0
-40.224000000000004,0.0
-40.214,0.0
-40.204,0.0
-40.194,0.0
-40.184,0.0
-40.174,0.0
-40.164,0.0
-40.153999999999996,0.0
-40.144,0.0
-40.134,0.0
-40.123999999999995,0.0
-40.114000000000004,0.0
-40.104,0.0
-40.094,0.0
-40.084,0.0
-40.074,0.0
-40.064,0.0
-40.054,0.0
-40.044,0.0
-40.034,0.0
-40.024,0.0
-40.013999999999996,0.0
-40.004000000000005,0.0
-39.994,0.0
-39.984,0.0
-39.974000000000004,0.0
-39.964,0.0
-39.954,0.0
-39.944,0.0
-39.934,0.0
-39.924,0.0
-39.914,0.0
-39.903999999999996,0.0
-39.894,0.0
-39.884,0.0
-39.873999999999995,0.0
-39.864000000000004,0.0
-39.854,0.0
-39.844,0.0
-39.834,0.0
-39.824,0.0
-39.814,0.0
-39.804,0.0
-39.794,0.0
-39.784,0.0
-39.774,0.0
-39.763999999999996,0.0
-39.754000000000005,0.0
-39.744,0.0
-39.734,0.0
-39.724000000000004,0.0
-39.714,0.0
-39.704,0.0
-39.694,0.0
-39.684,0.0
-39.674,0.0
-39.664,0.0
-39.653999999999996,0.0
-39.644,0.0
-39.634,0.0
-39.623999999999995,0.0
-39.614000000000004,0.0
-39.604,0.0
-39.594,0.0
-39.584,0.0
-39.574,0.0
-39.564,0.0
-39.554,0.0
-39.544,0.0
-39.534,0.0
-39.524,0.0
-39.513999999999996,0.0
-39.504000000000005,0.0
-39.494,0.0
-39.484,0.0
-39.474000000000004,0.0
-39.464,0.0
-39.454,0.0
-39.444,0.0
-39.434,0.0
-39.424,0.0
-39.414,0.0
-39.403999999999996,0.0
-39.394,0.0
-39.384,0.0
-39.373999999999995,0.0
-39.364000000000004,0.0
-39.354,0.0
-39.344,0.0
-39.334,0.0
-39.324,0.0
-39.314,0.0
-39.304,0.0
-39.294,0.0
-39.284,0.0
-39.274,0.0
-39.263999999999996,0.0
-39.254000000000005,0.0
-39.244,0.0
-39.234,0.0
-39.224000000000004,0.0
-39.214,0.0
-39.204,0.0
-39.194,0.0
-39.184,0.0
-39.174,0.0
-39.164,0.0
-39.153999999999996,0.0
-39.144,0.0
-39.134,0.0
-39.123999999999995,0.0
-39.114000000000004,0.0
-39.104,0.0
-39.094,0.0
-39.084,0.0
-39.074,0.0
-39.064,0.0
-39.054,0.0
-39.044,0.0
-39.034,0.0
-39.024,0.0
-39.013999999999996,0.0
-39.004000000000005,0.0
-38.994,0.0
-38.984,0.0
-38.974000000000004,0.0
-38.964,0.0
-38.954,0.0
-38.944,0.0
-38.934,0.0
-38.924,0.0
-38.914,0.0
-38.903999999999996,0.0
-38.894,0.0
-38.884,0.0
-38.873999999999995,0.0
-38.864000000000004,0.0
-38.854,0.0
-38.844,0.0
-38.834,0.0
-38.824,0.0
-38.814,0.0
-38.804,0.0
-38.794,0.0
-38.784,0.0
-38.774,0.0
-38.763999999999996,0.0
-38.754000000000005,0.0
-38.744,0.0
-38.734,0.0
-38.724000000000004,0.0
-38.714,0.0
-38.704,0.0
-38.694,0.0
-38.684,0.0
-38.674,0.0
-38.664,0.0
-38.653999999999996,0.0
-38.644,0.0
-38.634,0.0
-38.623999999999995,0.0
-38.614000000000004,0.0
-38.604,0.0
-38.594,0.0
-38.584,0.0
-38.574,0.0
-38.564,0.0
-38.554,0.0
-38.544,0.0
-38.534,0.0
-38.524,0.0
-38.513999999999996,0.0
-38.504000000000005,0.0
-38.494,0.0
-38.484,0.0
-38.474000000000004,0.0
-38.464,0.0
-38.454,0.0
-38.444,0.0
-38.434,0.0
-38.424,0.0
-38.414,0.0
-38.403999999999996,0.0
-38.394,0.0
-38.384,0.0
-38.373999999999995,0.0
-38.364000000000004,0.0
-38.354,0.0
-38.344,0.0
-38.334,0.0
-38.324,0.0
-38.314,0.0
-38.304,0.0
-38.294,0.0
-38.284,0.0
-38.274,0.0
-38.263999999999996,0.0
-38.254000000000005,0.0
-38.244,0.0
-38.234,0.0
-38.224000000000004,0.0
-38.214,0.0
-38.204,0.0
-38.194,0.0
-38.184,0.0
-38.174,0.0
-38.164,0.0
-38.153999999999996,0.0
-38.144,0.0
-38.134,0.0
-38.123999999999995,0.0
-38.114000000000004,0.0
-38.104,0.0
-38.094,0.0
-38.084,0.0
-38.074,0.0
-38.064,0.0
-38.054,0.0
-38.044,0.0
-38.034,0.0
-38.024,0.0
-38.013999999999996,0.0
-38.004000000000005,0.0
-37.994,0.0
-37.984,0.0
-37.974000000000004,0.0
-37.964,0.0
-37.954,0.0
-37.944,0.0
-37.934,0.0
-37.924,0.0
-37.914,0.0
-37.903999999999996,0.0
-37.894,0.0
-37.884,0.0
-37.873999999999995,0.0
-37.864000000000004,0.0
-37.854,0.0
-37.844,0.0
-37.834,0.0
-37.824,0.0
-37.814,0.0
-37.804,0.0
-37.794,0.0
-37.784,0.0
-37.774,0.0
-37.763999999999996,0.0
-37.754000000000005,0.0
-37.744,0.0
-37.734,0.0
-37.724000000000004,0.0
-37.714,0.0
-37.704,0.0
-37.694,0.0
-37.684,0.0
-37.674,0.0
-37.664,0.0
-37.653999999999996,0.0
-37.644,0.0
-37.634,0.0
-37.623999999999995,0.0
-37.614000000000004,0.0
-37.604,0.0
-37.594,0.0
-37.584,0.0
-37.574,0.0
-37.564,0.0
-37.554,0.0
-37.544,0.0
-37.534,0.0
-37.524,0.0
-37.513999999999996,0.0
-37.504000000000005,0.0
-37.494,0.0
-37.484,0.0
-37.474000000000004,0.0
-37.464,0.0
-37.454,0.0
-37.444,0.0
-37.434,0.0
-37.424,0.0
-37.414,0.0
-37.403999999999996,0.0
-37.394,0.0
-37.384,0.0
-37.373999999999995,0.0
-37.364000000000004,0.0
-37.354,0.0
-37.344,0.0
-37.334,0.0
-37.324,0.0
-37.314,0.0
-37.304,0.0
-37.294,0.0
-37.284,0.0
-37.274,0.0
-37.263999999999996,0.0
-37.254000000000005,0.0
-37.244,0.0
-37.234,0.0
-37.224000000000004,0.0
-37.214,0.0
-37.204,0.0
-37.194,0.0
-37.184,0.0
-37.174,0.0
-37.164,0.0
-37.153999999999996,0.0
-37.144,0.0
-37.134,0.0
-37.123999999999995,0.0
-37.114000000000004,5.38e-18
-37.104,1.126e-17
-37.094,2.34e-17
-37.084,4.78e-17
-37.074,9.72e-17
-37.064,1.948e-16
-37.054,3.86e-16
-37.044,1.17e-14
-37.034,4.7e-14
-37.024,9.8e-14
-37.013999999999996,2.02e-13
-37.004000000000005,4.1e-13
-36.994,8.26e-13
-36.984,1.648e-12
-36.974000000000004,3.24e-12
-36.964,6.34e-12
-36.954,1.224e-11
-36.944,2.34e-11
-36.934,4.42e-11
-36.924,8.26e-11
-36.914,1.528e-10
-36.903999999999996,2.8e-10
-36.894,5.06e-10
-36.884,9.06e-10
-36.873999999999995,1.606e-09
-36.864000000000004,2.82e-09
-36.854,4.88e-09
-36.844,8.38e-09
-36.834,1.42e-08
-36.824,2.38e-08
-36.814,3.96e-08
-36.804,6.52e-08
-36.794,1.058e-07
-36.784,1.702e-07
-36.774,2.7e-07
-36.763999999999996,4.26e-07
-36.754000000000005,6.64e-07
-36.744,1.024e-06
-36.734,1.56e-06
-36.724000000000004,2.36e-06
-36.714,3.5e-06
-36.704,5.18e-06
-36.694,7.56e-06
-36.684,1.092e-05
-36.674,1.56e-05
-36.664,2.2e-05
-36.653999999999996,3.08e-05
-36.644,4.26e-05
-36.634,5.84e-05
-36.623999999999995,7.92e-05
-36.614000000000004,0.0001062
-36.604,0.0001408
-36.594,0.0001848
-36.584,0.00024
-36.574,0.000308
-36.564,0.000392
-36.554,0.000494
-36.544,0.000616
-36.534,0.000758
-36.524,0.000926
-36.513999999999996,0.00112
-36.504000000000005,0.001342
-36.494,0.00159
-36.484,0.00187
-36.474000000000004,0.00218
-36.464,0.00252
-36.454,0.00288
-36.444,0.00326
-36.434,0.00368
-36.424,0.0041
-36.414,0.00456
-36.403999999999996,0.00502
-36.394,0.0055
-36.384,0.00598
-36.373999999999995,0.00648
-36.364000000000004,0.007
-36.354,0.0075
-36.344,0.00802
-36.334,0.00856
-36.324,0.00908
-36.314,0.0096
-36.304,0.01012
-36.294,0.01064
-36.284,0.01112
-36.274,0.0116
-36.263999999999996,0.01204
-36.254000000000005,0.01242
-36.244,0.01276
-36.234,0.01304
-36.224000000000004,0.01326
-36.214,0.01338
-36.204,0.01342
-36.194,0.01336
-36.184,0.01322
-36.174,0.01296
-36.164,0.01262
-36.153999999999996,0.0122
-36.144,0.0117
-36.134,0.01112
-36.123999999999995,0.0105
-36.114000000000004,0.00982
-36.104,0.00912
-36.094,0.00842
-36.084,0.0077
-36.074,0.00698
-36.064,0.0063
-36.054,0.00564
-36.044,0.005
-36.034,0.00442
-36.024,0.00388
-36.013999999999996,0.00338
-36.004000000000005,0.00292
-35.994,0.00252
-35.984,0.00216
-35.974000000000004,0.001832
-35.964,0.001548
-35.954,0.001302
-35.944,0.001088
-35.934,0.000902
-35.924,0.000744
-35.914,0.00061
-35.903999999999996,0.000496
-35.894,0.000402
-35.884,0.000322
-35.873999999999995,0.000256
-35.864000000000004,0.000204
-35.854,0.0001594
-35.844,0.000124
-35.834,9.56e-05
-35.824,7.32e-05
-35.814,5.56e-05
-35.804,4.18e-05
-35.794,3.1e-05
-35.784,2.3e-05
-35.774,1.674e-05
-35.763999999999996,1.212e-05
-35.754000000000005,8.68e-06
-35.744,6.16e-06
-35.734,4.32e-06
-35.724000000000004,3e-06
-35.714,2.08e-06
-35.704,1.41e-06
-35.694,9.52e-07
-35.684,6.36e-07
-35.674,4.2e-07
-35.664,2.74e-07
-35.653999999999996,1.774e-07
-35.644,1.136e-07
-35.634,7.2e-08
-35.623999999999995,4.52e-08
-35.614000000000004,2.8e-08
-35.604,1.718e-08
-35.594,1.044e-08
-35.584,6.26e-09
-35.574,3.72e-09
-35.564,2.2e-09
-35.554,1.276e-09
-35.544,7.34e-10
-35.534,4.18e-10
-35.524,2.36e-10
-35.513999999999996,1.318e-10
-35.504000000000005,7.28e-11
-35.494,3.98e-11
-35.484,2.14e-11
-35.474000000000004,1.146e-11
-35.464,6.06e-12
-35.454,3.18e-12
-35.444,1.646e-12
-35.434,8.44e-13
-35.424,4.28e-13
-35.414,2.14e-13
-35.403999999999996,1.066e-13
-35.394,5.24e-14
-35.384,2.54e-14
-35.373999999999995,1.224e-14
-35.364000000000004,7.24e-16
-35.354,3.56e-16
-35.344,1.738e-16
-35.334,8.38e-17
-35.324,4e-17
-35.314,0.0
-35.304,0.0
-35.294,0.0
-35.284,0.0
-35.274,0.0
-35.263999999999996,0.0
-35.254000000000005,0.0
-35.244,0.0
-35.234,0.0
-35.224000000000004,0.0
-35.214,0.0
-35.204,0.0
-35.194,0.0
-35.184,0.0
-35.174,0.0
-35.164,0.0
-35.153999999999996,0.0
-35.144,0.0
-35.134,0.0
-35.123999999999995,0.0
-35.114000000000004,0.0
-35.104,0.0
-35.094,0.0
-35.084,0.0
-35.074,0.0
-35.064,0.0
-35.054,0.0
-35.044,0.0
-35.034,0.0
-35.024,0.0
-35.013999999999996,0.0
-35.004000000000005,0.0
-34.994,0.0
-34.984,0.0
-34.974000000000004,0.0
-34.964,0.0
-34.954,0.0
-34.944,0.0
-34.934,0.0
-34.924,0.0
-34.914,0.0
-34.903999999999996,0.0
-34.894,0.0
-34.884,0.0
-34.873999999999995,0.0
-34.864000000000004,0.0
-34.854,0.0
-34.844,0.0
-34.834,0.0
-34.824,0.0
-34.814,0.0
-34.804,0.0
-34.794,0.0
-34.784,0.0
-34.774,0.0
-34.763999999999996,0.0
-34.754000000000005,0.0
-34.744,0.0
-34.734,0.0
-34.724000000000004,0.0
-34.714,0.0
-34.704,0.0
-34.694,0.0
-34.684,0.0
-34.674,0.0
-34.664,0.0
-34.653999999999996,0.0
-34.644,0.0
-34.634,0.0
-34.623999999999995,0.0
-34.614000000000004,0.0
-34.604,0.0
-34.594,0.0
-34.584,0.0
-34.574,0.0
-34.564,0.0
-34.554,0.0
-34.544,0.0
-34.534,0.0
-34.524,0.0
-34.513999999999996,0.0
-34.504000000000005,0.0
-34.494,0.0
-34.484,0.0
-34.474000000000004,0.0
-34.464,0.0
-34.454,0.0
-34.444,0.0
-34.434,0.0
-34.424,0.0
-34.414,0.0
-34.403999999999996,0.0
-34.394,0.0
-34.384,0.0
-34.373999999999995,0.0
-34.364000000000004,0.0
-34.354,0.0
-34.344,0.0
-34.334,0.0
-34.324,0.0
-34.314,0.0
-34.304,0.0
-34.294,0.0
-34.284,0.0
-34.274,0.0
-34.263999999999996,0.0
-34.254000000000005,0.0
-34.244,0.0
-34.234,0.0
-34.224000000000004,0.0
-34.214,0.0
-34.204,0.0
-34.194,0.0
-34.184,0.0
-34.174,0.0
-34.164,0.0
-34.153999999999996,0.0
-34.144,0.0
-34.134,0.0
-34.123999999999995,0.0
-34.114000000000004,0.0
-34.104,0.0
-34.094,0.0
-34.084,0.0
-34.074,0.0
-34.064,0.0
-34.054,0.0
-34.044,0.0
-34.034,0.0
-34.024,0.0
-34.013999999999996,0.0
-34.004000000000005,0.0
-33.994,0.0
-33.984,0.0
-33.974000000000004,0.0
-33.964,0.0
-33.954,0.0
-33.944,0.0
-33.934,0.0
-33.924,0.0
-33.914,0.0
-33.903999999999996,0.0
-33.894,0.0
-33.884,0.0
-33.873999999999995,0.0
-33.864000000000004,0.0
-33.854,0.0
-33.844,0.0
-33.834,0.0
-33.824,0.0
-33.814,0.0
-33.804,0.0
-33.794,0.0
-33.784,0.0
-33.774,0.0
-33.763999999999996,0.0
-33.754000000000005,0.0
-33.744,0.0
-33.734,0.0
-33.724000000000004,0.0
-33.714,0.0
-33.704,0.0
-33.694,0.0
-33.684,0.0
-33.674,0.0
-33.664,0.0
-33.653999999999996,0.0
-33.644,0.0
-33.634,0.0
-33.623999999999995,0.0
-33.614000000000004,0.0
-33.604,0.0
-33.594,0.0
-33.584,0.0
-33.574,0.0
-33.564,0.0
-33.554,0.0
-33.544,0.0
-33.534,0.0
-33.524,0.0
-33.513999999999996,0.0
-33.504000000000005,0.0
-33.494,0.0
-33.484,0.0
-33.474000000000004,0.0
-33.464,0.0
-33.454,0.0
-33.444,0.0
-33.434,0.0
-33.424,0.0
-33.414,0.0
-33.403999999999996,0.0
-33.394,0.0
-33.384,0.0
-33.373999999999995,0.0
-33.364000000000004,0.0
-33.354,0.0
-33.344,0.0
-33.334,0.0
-33.324,0.0
-33.314,0.0
-33.304,0.0
-33.294,0.0
-33.284,0.0
-33.274,0.0
-33.263999999999996,0.0
-33.254000000000005,0.0
-33.244,0.0
-33.234,0.0
-33.224000000000004,0.0
-33.214,0.0
-33.204,0.0
-33.194,0.0
-33.184,0.0
-33.174,0.0
-33.164,0.0
-33.153999999999996,0.0
-33.144,0.0
-33.134,0.0
-33.123999999999995,0.0
-33.114000000000004,0.0
-33.104,0.0
-33.094,0.0
-33.084,0.0
-33.074,0.0
-33.064,0.0
-33.054,0.0
-33.044,0.0
-33.034,0.0
-33.024,0.0
-33.013999999999996,0.0
-33.004000000000005,0.0
-32.994,0.0
-32.984,0.0
-32.974000000000004,0.0
-32.964,0.0
-32.954,0.0
-32.944,0.0
-32.934,0.0
-32.924,0.0
-32.914,0.0
-32.903999999999996,0.0
-32.894,0.0
-32.884,0.0
-32.873999999999995,0.0
-32.864000000000004,0.0
-32.854,0.0
-32.844,0.0
-32.834,0.0
-32.824,0.0
-32.814,0.0
-32.804,0.0
-32.794,0.0
-32.784,0.0
-32.774,0.0
-32.763999999999996,0.0
-32.754000000000005,0.0
-32.744,0.0
-32.734,0.0
-32.724000000000004,0.0
-32.714,0.0
-32.704,0.0
-32.694,0.0
-32.684,0.0
-32.674,0.0
-32.664,0.0
-32.653999999999996,0.0
-32.644,0.0
-32.634,0.0
-32.623999999999995,0.0
-32.614000000000004,0.0
-32.604,0.0
-32.594,0.0
-32.584,0.0
-32.574,0.0
-32.564,0.0
-32.554,0.0
-32.544,0.0
-32.534,0.0
-32.524,0.0
-32.513999999999996,0.0
-32.504000000000005,0.0
-32.494,0.0
-32.484,0.0
-32.474000000000004,0.0
-32.464,0.0
-32.454,0.0
-32.444,0.0
-32.434,0.0
-32.424,0.0
-32.414,0.0
-32.403999999999996,0.0
-32.394,0.0
-32.384,0.0
-32.373999999999995,0.0
-32.364000000000004,0.0
-32.354,0.0
-32.344,0.0
-32.334,0.0
-32.324,0.0
-32.314,0.0
-32.304,0.0
-32.294,0.0
-32.284,0.0
-32.274,0.0
-32.263999999999996,0.0
-32.254000000000005,0.0
-32.244,0.0
-32.234,0.0
-32.224000000000004,0.0
-32.214,0.0
-32.204,0.0
-32.194,0.0
-32.184,0.0
-32.174,0.0
-32.164,0.0
-32.153999999999996,0.0
-32.144,0.0
-32.134,0.0
-32.123999999999995,0.0
-32.114000000000004,0.0
-32.104,0.0
-32.094,0.0
-32.084,0.0
-32.074,0.0
-32.064,0.0
-32.054,0.0
-32.044,0.0
-32.034,0.0
-32.024,0.0
-32.013999999999996,0.0
-32.004000000000005,0.0
-31.994,0.0
-31.984,0.0
-31.974,0.0
-31.964,0.0
-31.954,0.0
-31.944,0.0
-31.934,0.0
-31.924,0.0
-31.914,0.0
-31.904,0.0
-31.894,0.0
-31.884,0.0
-31.874,0.0
-31.864,0.0
-31.854,0.0
-31.844,0.0
-31.834,0.0
-31.824,0.0
-31.814,0.0
-31.804,0.0
-31.794,0.0
-31.784,0.0
-31.774,0.0
-31.764,0.0
-31.754,0.0
-31.744,0.0
-31.734,0.0
-31.724,0.0
-31.714,0.0
-31.704,0.0
-31.694,0.0
-31.684,0.0
-31.674,0.0
-31.664,0.0
-31.654,0.0
-31.644,0.0
-31.634,0.0
-31.624,0.0
-31.614,0.0
-31.604,0.0
-31.594,0.0
-31.584,0.0
-31.574,0.0
-31.564,0.0
-31.554,0.0
-31.544,0.0
-31.534,0.0
-31.524,0.0
-31.514,0.0
-31.504,0.0
-31.494,0.0
-31.484,0.0
-31.474,0.0
-31.464,0.0
-31.454,0.0
-31.444,0.0
-31.434,0.0
-31.424,0.0
-31.414,0.0
-31.404,0.0
-31.394,0.0
-31.384,0.0
-31.374,0.0
-31.364,0.0
-31.354,0.0
-31.344,0.0
-31.334,0.0
-31.324,0.0
-31.314,0.0
-31.304,0.0
-31.294,0.0
-31.284,0.0
-31.274,0.0
-31.264,0.0
-31.254,0.0
-31.244,0.0
-31.234,0.0
-31.224,0.0
-31.214,0.0
-31.204,0.0
-31.194,0.0
-31.184,0.0
-31.174,0.0
-31.164,0.0
-31.154,0.0
-31.144,0.0
-31.134,0.0
-31.124,0.0
-31.114,0.0
-31.104,0.0
-31.094,0.0
-31.084,0.0
-31.074,0.0
-31.064,0.0
-31.054,0.0
-31.044,0.0
-31.034,0.0
-31.024,0.0
-31.014,0.0
-31.004,0.0
-30.994,0.0
-30.984,0.0
-30.974,0.0
-30.964,0.0
-30.954,0.0
-30.944,0.0
-30.934,0.0
-30.924,0.0
-30.914,0.0
-30.904,0.0
-30.894,0.0
-30.884,0.0
-30.874,0.0
-30.864,0.0
-30.854,0.0
-30.844,0.0
-30.834,0.0
-30.824,0.0
-30.814,0.0
-30.804,0.0
-30.794,0.0
-30.784,0.0
-30.774,0.0
-30.764,0.0
-30.754,0.0
-30.744,0.0
-30.734,0.0
-30.724,0.0
-30.714,0.0
-30.704,0.0
-30.694,0.0
-30.684,0.0
-30.674,0.0
-30.664,0.0
-30.654,0.0
-30.644,0.0
-30.634,0.0
-30.624,0.0
-30.614,0.0
-30.604,0.0
-30.594,0.0
-30.584,0.0
-30.574,0.0
-30.564,0.0
-30.554,0.0
-30.544,0.0
-30.534,0.0
-30.524,0.0
-30.514,0.0
-30.504,0.0
-30.494,0.0
-30.484,0.0
-30.474,0.0
-30.464,0.0
-30.454,0.0
-30.444,0.0
-30.434,0.0
-30.424,0.0
-30.414,0.0
-30.404,0.0
-30.394,0.0
-30.384,0.0
-30.374,0.0
-30.364,0.0
-30.354,0.0
-30.344,0.0
-30.334,0.0
-30.324,0.0
-30.314,0.0
-30.304,0.0
-30.294,0.0
-30.284,0.0
-30.274,0.0
-30.264,0.0
-30.254,0.0
-30.244,0.0
-30.234,0.0
-30.224,0.0
-30.214,0.0
-30.204,0.0
-30.194,0.0
-30.184,0.0
-30.174,0.0
-30.164,0.0
-30.154,0.0
-30.144,0.0
-30.134,0.0
-30.124,0.0
-30.114,0.0
-30.104,0.0
-30.094,0.0
-30.084,0.0
-30.074,0.0
-30.064,0.0
-30.054,0.0
-30.044,0.0
-30.034,0.0
-30.024,0.0
-30.014,0.0
-30.004,0.0
-29.994,0.0
-29.984,0.0
-29.974,0.0
-29.964,0.0
-29.954,0.0
-29.944,0.0
-29.934,0.0
-29.924,0.0
-29.914,0.0
-29.904,0.0
-29.894,0.0
-29.884,0.0
-29.874,0.0
-29.864,0.0
-29.854,0.0
-29.844,0.0
-29.834,0.0
-29.824,0.0
-29.814,0.0
-29.804,0.0
-29.794,0.0
-29.784,0.0
-29.774,0.0
-29.764,0.0
-29.754,0.0
-29.744,0.0
-29.734,0.0
-29.724,0.0
-29.714,0.0
-29.704,0.0
-29.694,0.0
-29.684,0.0
-29.674,0.0
-29.664,0.0
-29.654,0.0
-29.644,0.0
-29.634,0.0
-29.624,0.0
-29.614,0.0
-29.604,0.0
-29.594,0.0
-29.584,0.0
-29.574,0.0
-29.564,0.0
-29.554,0.0
-29.544,0.0
-29.534,0.0
-29.524,0.0
-29.514,0.0
-29.504,0.0
-29.494,0.0
-29.484,0.0
-29.474,0.0
-29.464,0.0
-29.454,0.0
-29.444,0.0
-29.434,0.0
-29.424,0.0
-29.414,0.0
-29.404,0.0
-29.394,0.0
-29.384,0.0
-29.374,0.0
-29.364,0.0
-29.354,0.0
-29.344,0.0
-29.334,0.0
-29.324,0.0
-29.314,0.0
-29.304,0.0
-29.294,0.0
-29.284,0.0
-29.274,0.0
-29.264,0.0
-29.254,0.0
-29.244,0.0
-29.234,0.0
-29.224,0.0
-29.214,0.0
-29.204,0.0
-29.194,0.0
-29.184,0.0
-29.174,0.0
-29.164,0.0
-29.154,0.0
-29.144,0.0
-29.134,0.0
-29.124,0.0
-29.114,0.0
-29.104,0.0
-29.094,0.0
-29.084,0.0
-29.074,0.0
-29.064,0.0
-29.054,0.0
-29.044,0.0
-29.034,0.0
-29.024,0.0
-29.014,0.0
-29.004,0.0
-28.994,0.0
-28.984,0.0
-28.974,0.0
-28.964,0.0
-28.954,0.0
-28.944,0.0
-28.934,0.0
-28.924,0.0
-28.914,0.0
-28.904,0.0
-28.894,0.0
-28.884,0.0
-28.874,0.0
-28.864,0.0
-28.854,0.0
-28.844,0.0
-28.834,0.0
-28.824,0.0
-28.814,0.0
-28.804,0.0
-28.794,0.0
-28.784,0.0
-28.774,0.0
-28.764,0.0
-28.754,0.0
-28.744,0.0
-28.734,0.0
-28.724,0.0
-28.714,0.0
-28.704,0.0
-28.694,0.0
-28.684,0.0
-28.674,0.0
-28.664,0.0
-28.654,0.0
-28.644,0.0
-28.634,0.0
-28.624,0.0
-28.614,0.0
-28.604,0.0
-28.594,0.0
-28.584,0.0
-28.574,0.0
-28.564,0.0
-28.554,0.0
-28.544,0.0
-28.534,0.0
-28.524,0.0
-28.514,0.0
-28.504,0.0
-28.494,0.0
-28.484,0.0
-28.474,0.0
-28.464,0.0
-28.454,0.0
-28.444,0.0
-28.434,0.0
-28.424,0.0
-28.414,0.0
-28.404,0.0
-28.394,0.0
-28.384,0.0
-28.374,0.0
-28.364,0.0
-28.354,0.0
-28.344,0.0
-28.334,0.0
-28.324,0.0
-28.314,0.0
-28.304,0.0
-28.294,0.0
-28.284,0.0
-28.274,0.0
-28.264,0.0
-28.254,0.0
-28.244,0.0
-28.234,0.0
-28.224,0.0
-28.214,0.0
-28.204,0.0
-28.194,0.0
-28.184,0.0
-28.174,0.0
-28.164,0.0
-28.154,0.0
-28.144,0.0
-28.134,0.0
-28.124,0.0
-28.114,0.0
-28.104,0.0
-28.094,0.0
-28.084,0.0
-28.074,0.0
-28.064,0.0
-28.054,0.0
-28.044,0.0
-28.034,0.0
-28.024,0.0
-28.014,0.0
-28.004,0.0
-27.994,0.0
-27.984,0.0
-27.974,0.0
-27.964,0.0
-27.954,0.0
-27.944,0.0
-27.934,0.0
-27.924,0.0
-27.914,0.0
-27.904,0.0
-27.894,0.0
-27.884,0.0
-27.874000000000002,0.0
-27.864,0.0
-27.854,0.0
-27.844,0.0
-27.834,0.0
-27.823999999999998,0.0
-27.814,0.0
-27.804000000000002,0.0
-27.794,0.0
-27.784,0.0
-27.774,0.0
-27.764,0.0
-27.753999999999998,0.0
-27.744,0.0
-27.734,0.0
-27.724,0.0
-27.714,0.0
-27.704,0.0
-27.694000000000003,0.0
-27.683999999999997,0.0
-27.674,0.0
-27.664,0.0
-27.654,0.0
-27.644,0.0
-27.634,0.0
-27.624000000000002,0.0
-27.614,0.0
-27.604,0.0
-27.594,0.0
-27.584,0.0
-27.573999999999998,0.0
-27.564,0.0
-27.554000000000002,0.0
-27.544,0.0
-27.534,0.0
-27.524,0.0
-27.514,0.0
-27.503999999999998,0.0
-27.494,0.0
-27.484,0.0
-27.474,0.0
-27.464,0.0
-27.454,0.0
-27.444000000000003,0.0
-27.433999999999997,0.0
-27.424,0.0
-27.414,0.0
-27.404,0.0
-27.394,0.0
-27.384,0.0
-27.374000000000002,0.0
-27.364,0.0
-27.354,0.0
-27.344,0.0
-27.334,0.0
-27.323999999999998,0.0
-27.314,0.0
-27.304000000000002,0.0
-27.294,0.0
-27.284,0.0
-27.274,0.0
-27.264,0.0
-27.253999999999998,0.0
-27.244,0.0
-27.234,0.0
-27.224,0.0
-27.214,0.0
-27.204,0.0
-27.194000000000003,0.0
-27.183999999999997,0.0
-27.174,0.0
-27.164,0.0
-27.154,0.0
-27.144,0.0
-27.134,0.0
-27.124000000000002,0.0
-27.114,0.0
-27.104,0.0
-27.094,0.0
-27.084,0.0
-27.073999999999998,0.0
-27.064,0.0
-27.054000000000002,0.0
-27.044,0.0
-27.034,0.0
-27.024,0.0
-27.014,0.0
-27.003999999999998,0.0
-26.994,0.0
-26.984,0.0
-26.974,0.0
-26.964,0.0
-26.954,0.0
-26.944000000000003,0.0
-26.933999999999997,0.0
-26.924,0.0
-26.914,0.0
-26.904,0.0
-26.894,0.0
-26.884,0.0
-26.874000000000002,0.0
-26.864,0.0
-26.854,0.0
-26.844,0.0
-26.834,0.0
-26.823999999999998,0.0
-26.814,0.0
-26.804000000000002,0.0
-26.794,0.0
-26.784,0.0
-26.774,0.0
-26.764,0.0
-26.753999999999998,0.0
-26.744,0.0
-26.734,0.0
-26.724,0.0
-26.714,0.0
-26.704,0.0
-26.694000000000003,0.0
-26.683999999999997,0.0
-26.674,0.0
-26.664,0.0
-26.654,0.0
-26.644,0.0
-26.634,0.0
-26.624000000000002,0.0
-26.614,0.0
-26.604,0.0
-26.594,0.0
-26.584,0.0
-26.573999999999998,0.0
-26.564,0.0
-26.554000000000002,0.0
-26.544,0.0
-26.534,0.0
-26.524,0.0
-26.514,0.0
-26.503999999999998,0.0
-26.494,0.0
-26.484,0.0
-26.474,0.0
-26.464,0.0
-26.454,0.0
-26.444000000000003,0.0
-26.433999999999997,0.0
-26.424,0.0
-26.414,0.0
-26.404,0.0
-26.394,0.0
-26.384,0.0
-26.374000000000002,0.0
-26.364,0.0
-26.354,0.0
-26.344,0.0
-26.334,0.0
-26.323999999999998,0.0
-26.314,0.0
-26.304000000000002,0.0
-26.294,0.0
-26.284,0.0
-26.274,0.0
-26.264,0.0
-26.253999999999998,0.0
-26.244,0.0
-26.234,0.0
-26.224,0.0
-26.214,0.0
-26.204,0.0
-26.194000000000003,0.0
-26.183999999999997,0.0
-26.174,0.0
-26.164,0.0
-26.154,0.0
-26.144,0.0
-26.134,0.0
-26.124000000000002,0.0
-26.114,0.0
-26.104,0.0
-26.094,0.0
-26.084,0.0
-26.073999999999998,0.0
-26.064,0.0
-26.054000000000002,0.0
-26.044,0.0
-26.034,0.0
-26.024,0.0
-26.014,0.0
-26.003999999999998,0.0
-25.994,0.0
-25.984,0.0
-25.974,0.0
-25.964,0.0
-25.954,0.0
-25.944000000000003,0.0
-25.933999999999997,0.0
-25.924,0.0
-25.914,0.0
-25.904,0.0
-25.894,0.0
-25.884,0.0
-25.874000000000002,0.0
-25.864,0.0
-25.854,0.0
-25.844,0.0
-25.834,0.0
-25.823999999999998,0.0
-25.814,0.0
-25.804000000000002,0.0
-25.794,0.0
-25.784,0.0
-25.774,0.0
-25.764,0.0
-25.753999999999998,0.0
-25.744,0.0
-25.734,0.0
-25.724,0.0
-25.714,0.0
-25.704,0.0
-25.694000000000003,0.0
-25.683999999999997,0.0
-25.674,0.0
-25.664,0.0
-25.654,0.0
-25.644,0.0
-25.634,0.0
-25.624000000000002,0.0
-25.614,0.0
-25.604,0.0
-25.594,0.0
-25.584,0.0
-25.573999999999998,0.0
-25.564,0.0
-25.554000000000002,0.0
-25.544,0.0
-25.534,0.0
-25.524,0.0
-25.514,0.0
-25.503999999999998,0.0
-25.494,0.0
-25.484,0.0
-25.474,0.0
-25.464,0.0
-25.454,0.0
-25.444000000000003,0.0
-25.433999999999997,0.0
-25.424,0.0
-25.414,0.0
-25.404,0.0
-25.394,0.0
-25.384,0.0
-25.374000000000002,0.0
-25.364,0.0
-25.354,0.0
-25.344,0.0
-25.334,0.0
-25.323999999999998,0.0
-25.314,0.0
-25.304000000000002,0.0
-25.294,0.0
-25.284,0.0
-25.274,0.0
-25.264,0.0
-25.253999999999998,0.0
-25.244,0.0
-25.234,0.0
-25.224,0.0
-25.214,0.0
-25.204,0.0
-25.194000000000003,0.0
-25.183999999999997,0.0
-25.174,0.0
-25.164,0.0
-25.154,0.0
-25.144,0.0
-25.134,0.0
-25.124000000000002,0.0
-25.114,0.0
-25.104,0.0
-25.094,0.0
-25.084,0.0
-25.073999999999998,0.0
-25.064,0.0
-25.054000000000002,0.0
-25.044,0.0
-25.034,0.0
-25.024,0.0
-25.014,0.0
-25.003999999999998,0.0
-24.994,0.0
-24.984,0.0
-24.974,0.0
-24.964,0.0
-24.954,0.0
-24.944000000000003,0.0
-24.933999999999997,0.0
-24.924,0.0
-24.914,0.0
-24.904,0.0
-24.894,0.0
-24.884,0.0
-24.874000000000002,0.0
-24.864,0.0
-24.854,0.0
-24.844,0.0
-24.834,0.0
-24.823999999999998,0.0
-24.814,0.0
-24.804000000000002,0.0
-24.794,0.0
-24.784,0.0
-24.774,0.0
-24.764,0.0
-24.753999999999998,0.0
-24.744,0.0
-24.734,0.0
-24.724,0.0
-24.714,0.0
-24.704,0.0
-24.694000000000003,0.0
-24.683999999999997,0.0
-24.674,0.0
-24.664,0.0
-24.654,0.0
-24.644,0.0
-24.634,0.0
-24.624000000000002,0.0
-24.614,0.0
-24.604,0.0
-24.594,0.0
-24.584,0.0
-24.573999999999998,0.0
-24.564,0.0
-24.554000000000002,0.0
-24.544,0.0
-24.534,0.0
-24.524,0.0
-24.514,0.0
-24.503999999999998,0.0
-24.494,0.0
-24.484,0.0
-24.474,0.0
-24.464,0.0
-24.454,0.0
-24.444000000000003,0.0
-24.433999999999997,0.0
-24.424,0.0
-24.414,0.0
-24.404,0.0
-24.394,0.0
-24.384,0.0
-24.374000000000002,0.0
-24.364,0.0
-24.354,0.0
-24.344,0.0
-24.334,0.0
-24.323999999999998,0.0
-24.314,0.0
-24.304000000000002,0.0
-24.294,0.0
-24.284,0.0
-24.274,0.0
-24.264,0.0
-24.253999999999998,0.0
-24.244,0.0
-24.234,0.0
-24.224,0.0
-24.214,0.0
-24.204,0.0
-24.194000000000003,0.0
-24.183999999999997,0.0
-24.174,0.0
-24.164,0.0
-24.154,0.0
-24.144,0.0
-24.134,0.0
-24.124000000000002,0.0
-24.114,0.0
-24.104,0.0
-24.094,0.0
-24.084,0.0
-24.073999999999998,0.0
-24.064,0.0
-24.054000000000002,0.0
-24.044,0.0
-24.034,0.0
-24.024,0.0
-24.014,0.0
-24.003999999999998,0.0
-23.994,0.0
-23.984,0.0
-23.974,0.0
-23.964,0.0
-23.954,0.0
-23.944000000000003,0.0
-23.933999999999997,0.0
-23.924,0.0
-23.914,0.0
-23.904,0.0
-23.894,0.0
-23.884,0.0
-23.874000000000002,0.0
-23.864,0.0
-23.854,0.0
-23.844,0.0
-23.834,0.0
-23.823999999999998,0.0
-23.814,0.0
-23.804000000000002,0.0
-23.794,0.0
-23.784,0.0
-23.774,0.0
-23.764,0.0
-23.753999999999998,0.0
-23.744,0.0
-23.734,0.0
-23.724,0.0
-23.714,0.0
-23.704,0.0
-23.694000000000003,0.0
-23.683999999999997,0.0
-23.674,0.0
-23.664,0.0
-23.654,0.0
-23.644,0.0
-23.634,0.0
-23.624000000000002,0.0
-23.614,0.0
-23.604,0.0
-23.594,0.0
-23.584,0.0
-23.573999999999998,0.0
-23.564,0.0
-23.554000000000002,0.0
-23.544,0.0
-23.534,0.0
-23.524,0.0
-23.514,0.0
-23.503999999999998,0.0
-23.494,0.0
-23.484,0.0
-23.474,0.0
-23.464,0.0
-23.454,0.0
-23.444000000000003,0.0
-23.433999999999997,0.0
-23.424,0.0
-23.414,0.0
-23.404,0.0
-23.394,0.0
-23.384,0.0
-23.374000000000002,0.0
-23.364,0.0
-23.354,0.0
-23.344,0.0
-23.334,0.0
-23.323999999999998,0.0
-23.314,0.0
-23.304000000000002,0.0
-23.294,0.0
-23.284,0.0
-23.274,0.0
-23.264,0.0
-23.253999999999998,0.0
-23.244,0.0
-23.234,0.0
-23.224,0.0
-23.214,0.0
-23.204,0.0
-23.194000000000003,0.0
-23.183999999999997,0.0
-23.174,0.0
-23.164,0.0
-23.154,0.0
-23.144,0.0
-23.134,0.0
-23.124000000000002,0.0
-23.114,0.0
-23.104,0.0
-23.094,0.0
-23.084,0.0
-23.073999999999998,0.0
-23.064,0.0
-23.054000000000002,0.0
-23.044,0.0
-23.034,0.0
-23.024,0.0
-23.014,0.0
-23.003999999999998,0.0
-22.994,0.0
-22.984,0.0
-22.974,0.0
-22.964,0.0
-22.954,0.0
-22.944000000000003,0.0
-22.933999999999997,0.0
-22.924,0.0
-22.914,0.0
-22.904,0.0
-22.894,0.0
-22.884,0.0
-22.874000000000002,0.0
-22.864,0.0
-22.854,0.0
-22.844,0.0
-22.834,0.0
-22.823999999999998,0.0
-22.814,0.0
-22.804000000000002,0.0
-22.794,0.0
-22.784,0.0
-22.774,0.0
-22.764,0.0
-22.753999999999998,0.0
-22.744,0.0
-22.734,0.0
-22.724,0.0
-22.714,0.0
-22.704,0.0
-22.694000000000003,0.0
-22.683999999999997,0.0
-22.674,0.0
-22.664,0.0
-22.654,0.0
-22.644,0.0
-22.634,0.0
-22.624000000000002,0.0
-22.614,0.0
-22.604,0.0
-22.594,0.0
-22.584,0.0
-22.573999999999998,0.0
-22.564,0.0
-22.554000000000002,0.0
-22.544,0.0
-22.534,0.0
-22.524,0.0
-22.514,0.0
-22.503999999999998,0.0
-22.494,0.0
-22.484,0.0
-22.474,0.0
-22.464,0.0
-22.454,0.0
-22.444000000000003,0.0
-22.433999999999997,0.0
-22.424,0.0
-22.414,0.0
-22.404,0.0
-22.394,0.0
-22.384,0.0
-22.374000000000002,0.0
-22.364,0.0
-22.354,0.0
-22.344,0.0
-22.334,0.0
-22.323999999999998,0.0
-22.314,0.0
-22.304000000000002,0.0
-22.294,0.0
-22.284,0.0
-22.274,0.0
-22.264,0.0
-22.253999999999998,0.0
-22.244,0.0
-22.234,0.0
-22.224,0.0
-22.214,0.0
-22.204,0.0
-22.194000000000003,0.0
-22.183999999999997,0.0
-22.174,0.0
-22.164,0.0
-22.154,0.0
-22.144,0.0
-22.134,0.0
-22.124000000000002,0.0
-22.114,0.0
-22.104,0.0
-22.094,0.0
-22.084,0.0
-22.073999999999998,0.0
-22.064,0.0
-22.054000000000002,0.0
-22.044,0.0
-22.034,0.0
-22.024,0.0
-22.014,0.0
-22.003999999999998,0.0
-21.994,0.0
-21.984,0.0
-21.974,0.0
-21.964,0.0
-21.954,0.0
-21.944000000000003,0.0
-21.933999999999997,0.0
-21.924,0.0
-21.914,0.0
-21.904,0.0
-21.894,0.0
-21.884,0.0
-21.874000000000002,0.0
-21.864,0.0
-21.854,0.0
-21.844,0.0
-21.834,0.0
-21.823999999999998,0.0
-21.814,0.0
-21.804000000000002,0.0
-21.794,0.0
-21.784,0.0
-21.774,0.0
-21.764,0.0
-21.753999999999998,0.0
-21.744,0.0
-21.734,0.0
-21.724,0.0
-21.714,0.0
-21.704,0.0
-21.694000000000003,0.0
-21.683999999999997,0.0
-21.674,0.0
-21.664,0.0
-21.654,0.0
-21.644,0.0
-21.634,0.0
-21.624000000000002,0.0
-21.614,0.0
-21.604,0.0
-21.594,0.0
-21.584,0.0
-21.573999999999998,0.0
-21.564,0.0
-21.554000000000002,0.0
-21.544,0.0
-21.534,0.0
-21.524,0.0
-21.514,0.0
-21.503999999999998,0.0
-21.494,0.0
-21.484,0.0
-21.474,0.0
-21.464,0.0
-21.454,0.0
-21.444000000000003,0.0
-21.433999999999997,0.0
-21.424,0.0
-21.414,0.0
-21.404,0.0
-21.394,0.0
-21.384,0.0
-21.374000000000002,0.0
-21.364,0.0
-21.354,0.0
-21.344,0.0
-21.334,0.0
-21.323999999999998,0.0
-21.314,0.0
-21.304000000000002,0.0
-21.294,0.0
-21.284,0.0
-21.274,0.0
-21.264,0.0
-21.253999999999998,0.0
-21.244,0.0
-21.234,0.0
-21.224,0.0
-21.214,0.0
-21.204,0.0
-21.194000000000003,0.0
-21.183999999999997,0.0
-21.174,0.0
-21.164,0.0
-21.154,0.0
-21.144,0.0
-21.134,0.0
-21.124000000000002,0.0
-21.114,0.0
-21.104,0.0
-21.094,0.0
-21.084,0.0
-21.073999999999998,0.0
-21.064,0.0
-21.054000000000002,0.0
-21.044,0.0
-21.034,0.0
-21.024,0.0
-21.014,0.0
-21.003999999999998,0.0
-20.994,0.0
-20.984,0.0
-20.974,0.0
-20.964,0.0
-20.954,0.0
-20.944000000000003,0.0
-20.933999999999997,0.0
-20.924,0.0
-20.914,0.0
-20.904,0.0
-20.894,0.0
-20.884,0.0
-20.874000000000002,0.0
-20.864,0.0
-20.854,0.0
-20.844,0.0
-20.834,0.0
-20.823999999999998,0.0
-20.814,0.0
-20.804000000000002,0.0
-20.794,0.0
-20.784,0.0
-20.774,0.0
-20.764,0.0
-20.753999999999998,0.0
-20.744,0.0
-20.734,0.0
-20.724,0.0
-20.714,0.0
-20.704,0.0
-20.694000000000003,0.0
-20.683999999999997,0.0
-20.674,0.0
-20.664,0.0
-20.654,0.0
-20.644,0.0
-20.634,0.0
-20.624000000000002,0.0
-20.614,0.0
-20.604,0.0
-20.594,0.0
-20.584,0.0
-20.573999999999998,0.0
-20.564,0.0
-20.554000000000002,0.0
-20.544,0.0
-20.534,0.0
-20.524,0.0
-20.514,0.0
-20.503999999999998,0.0
-20.494,0.0
-20.484,0.0
-20.474,0.0
-20.464,0.0
-20.454,0.0
-20.444000000000003,0.0
-20.433999999999997,0.0
-20.424,0.0
-20.414,0.0
-20.404,0.0
-20.394,0.0
-20.384,0.0
-20.374000000000002,0.0
-20.364,0.0
-20.354,0.0
-20.344,0.0
-20.334,0.0
-20.323999999999998,0.0
-20.314,0.0
-20.304000000000002,0.0
-20.294,0.0
-20.284,0.0
-20.274,0.0
-20.264,0.0
-20.253999999999998,0.0
-20.244,0.0
-20.234,0.0
-20.224,0.0
-20.214,0.0
-20.204,0.0
-20.194000000000003,0.0
-20.183999999999997,0.0
-20.174,0.0
-20.164,0.0
-20.154,0.0
-20.144,0.0
-20.134,0.0
-20.124000000000002,0.0
-20.114,0.0
-20.104,0.0
-20.094,0.0
-20.084,0.0
-20.073999999999998,0.0
-20.064,0.0
-20.054000000000002,0.0
-20.044,0.0
-20.034,0.0
-20.024,0.0
-20.014,0.0
-20.003999999999998,0.0
-19.994,0.0
-19.984,0.0
-19.974,0.0
-19.964,0.0
-19.954,0.0
-19.944000000000003,0.0
-19.933999999999997,0.0
-19.924,0.0
-19.914,0.0
-19.904,0.0
-19.894,0.0
-19.884,0.0
-19.874000000000002,0.0
-19.864,0.0
-19.854,0.0
-19.844,0.0
-19.834,0.0
-19.823999999999998,0.0
-19.814,0.0
-19.804000000000002,0.0
-19.794,0.0
-19.784,0.0
-19.774,0.0
-19.764,0.0
-19.754,0.0
-19.744,0.0
-19.734,0.0
-19.724,0.0
-19.714,0.0
-19.704,0.0
-19.694,0.0
-19.684,0.0
-19.674,0.0
-19.664,0.0
-19.654,0.0
-19.644,0.0
-19.634,0.0
-19.624000000000002,0.0
-19.614,0.0
-19.604,0.0
-19.594,0.0
-19.584,0.0
-19.573999999999998,0.0
-19.564,0.0
-19.554000000000002,0.0
-19.544,0.0
-19.534,0.0
-19.524,0.0
-19.514,0.0
-19.504,0.0
-19.494,0.0
-19.484,0.0
-19.474,0.0
-19.464,0.0
-19.454,0.0
-19.444,0.0
-19.434,0.0
-19.424,0.0
-19.414,0.0
-19.404,0.0
-19.394,0.0
-19.384,0.0
-19.374000000000002,0.0
-19.364,0.0
-19.354,0.0
-19.344,0.0
-19.334,0.0
-19.323999999999998,0.0
-19.314,0.0
-19.304000000000002,0.0
-19.294,0.0
-19.284,0.0
-19.274,0.0
-19.264,0.0
-19.254,0.0
-19.244,0.0
-19.234,0.0
-19.224,0.0
-19.214,0.0
-19.204,0.0
-19.194,0.0
-19.184,0.0
-19.174,0.0
-19.164,0.0
-19.154,0.0
-19.144,0.0
-19.134,0.0
-19.124000000000002,0.0
-19.114,0.0
-19.104,0.0
-19.094,0.0
-19.084,0.0
-19.073999999999998,0.0
-19.064,0.0
-19.054000000000002,0.0
-19.044,0.0
-19.034,0.0
-19.024,0.0
-19.014,0.0
-19.004,0.0
-18.994,0.0
-18.984,0.0
-18.974,0.0
-18.964,0.0
-18.954,0.0
-18.944,0.0
-18.934,0.0
-18.924,0.0
-18.914,0.0
-18.904,0.0
-18.894,0.0
-18.884,0.0
-18.874000000000002,0.0
-18.864,0.0
-18.854,0.0
-18.844,0.0
-18.834,0.0
-18.823999999999998,0.0
-18.814,0.0
-18.804000000000002,0.0
-18.794,0.0
-18.784,0.0
-18.774,0.0
-18.764,0.0
-18.754,0.0
-18.744,0.0
-18.734,0.0
-18.724,0.0
-18.714,0.0
-18.704,0.0
-18.694,0.0
-18.684,0.0
-18.674,0.0
-18.664,0.0
-18.654,0.0
-18.644,0.0
-18.634,0.0
-18.624000000000002,0.0
-18.614,0.0
-18.604,0.0
-18.594,0.0
-18.584,0.0
-18.573999999999998,0.0
-18.564,0.0
-18.554000000000002,0.0
-18.544,0.0
-18.534,0.0
-18.524,0.0
-18.514,0.0
-18.504,0.0
-18.494,0.0
-18.484,0.0
-18.474,0.0
-18.464,0.0
-18.454,0.0
-18.444,0.0
-18.434,0.0
-18.424,0.0
-18.414,0.0
-18.404,0.0
-18.394,0.0
-18.384,0.0
-18.374000000000002,0.0
-18.364,0.0
-18.354,0.0
-18.344,0.0
-18.334,0.0
-18.323999999999998,0.0
-18.314,0.0
-18.304000000000002,0.0
-18.294,0.0
-18.284,0.0
-18.274,0.0
-18.264,0.0
-18.254,0.0
-18.244,0.0
-18.234,0.0
-18.224,0.0
-18.214,0.0
-18.204,0.0
-18.194,0.0
-18.184,0.0
-18.174,0.0
-18.164,0.0
-18.154,0.0
-18.144,0.0
-18.134,0.0
-18.124000000000002,0.0
-18.114,0.0
-18.104,0.0
-18.094,0.0
-18.084,0.0
-18.073999999999998,0.0
-18.064,0.0
-18.054000000000002,0.0
-18.044,0.0
-18.034,0.0
-18.024,0.0
-18.014,0.0
-18.004,0.0
-17.994,0.0
-17.984,0.0
-17.974,0.0
-17.964,0.0
-17.954,0.0
-17.944,0.0
-17.934,0.0
-17.924,0.0
-17.914,0.0
-17.904,0.0
-17.894,0.0
-17.884,0.0
-17.874000000000002,0.0
-17.864,0.0
-17.854,0.0
-17.844,0.0
-17.834,0.0
-17.823999999999998,0.0
-17.814,0.0
-17.804000000000002,0.0
-17.794,0.0
-17.784,0.0
-17.774,0.0
-17.764,0.0
-17.754,0.0
-17.744,0.0
-17.734,0.0
-17.724,0.0
-17.714,0.0
-17.704,0.0
-17.694,0.0
-17.684,0.0
-17.674,0.0
-17.664,0.0
-17.654,0.0
-17.644,0.0
-17.634,0.0
-17.624000000000002,0.0
-17.614,0.0
-17.604,0.0
-17.594,0.0
-17.584,0.0
-17.573999999999998,0.0
-17.564,0.0
-17.554000000000002,0.0
-17.544,0.0
-17.534,0.0
-17.524,0.0
-17.514,0.0
-17.504,0.0
-17.494,0.0
-17.484,0.0
-17.474,0.0
-17.464,0.0
-17.454,0.0
-17.444,0.0
-17.434,0.0
-17.424,0.0
-17.414,0.0
-17.404,0.0
-17.394,0.0
-17.384,0.0
-17.374000000000002,0.0
-17.364,0.0
-17.354,0.0
-17.344,0.0
-17.334,0.0
-17.323999999999998,0.0
-17.314,0.0
-17.304000000000002,0.0
-17.294,0.0
-17.284,0.0
-17.274,0.0
-17.264,0.0
-17.254,0.0
-17.244,0.0
-17.234,0.0
-17.224,0.0
-17.214,0.0
-17.204,0.0
-17.194,0.0
-17.184,0.0
-17.174,0.0
-17.164,0.0
-17.154,0.0
-17.144,0.0
-17.134,0.0
-17.124000000000002,0.0
-17.114,0.0
-17.104,0.0
-17.094,0.0
-17.084,0.0
-17.073999999999998,0.0
-17.064,0.0
-17.054000000000002,0.0
-17.044,0.0
-17.034,0.0
-17.024,0.0
-17.014,0.0
-17.004,0.0
-16.994,0.0
-16.984,0.0
-16.974,0.0
-16.964,0.0
-16.954,0.0
-16.944,0.0
-16.934,0.0
-16.924,0.0
-16.914,0.0
-16.904,0.0
-16.894,0.0
-16.884,0.0
-16.874000000000002,0.0
-16.864,0.0
-16.854,0.0
-16.844,0.0
-16.834,0.0
-16.823999999999998,0.0
-16.814,0.0
-16.804000000000002,0.0
-16.794,0.0
-16.784,0.0
-16.774,0.0
-16.764,0.0
-16.754,0.0
-16.744,0.0
-16.734,0.0
-16.724,0.0
-16.714,0.0
-16.704,0.0
-16.694,0.0
-16.684,0.0
-16.674,0.0
-16.664,0.0
-16.654,0.0
-16.644,0.0
-16.634,0.0
-16.624000000000002,0.0
-16.614,0.0
-16.604,0.0
-16.594,0.0
-16.584,0.0
-16.573999999999998,0.0
-16.564,0.0
-16.554000000000002,0.0
-16.544,0.0
-16.534,0.0
-16.524,0.0
-16.514,0.0
-16.504,0.0
-16.494,0.0
-16.484,0.0
-16.474,0.0
-16.464,0.0
-16.454,0.0
-16.444,0.0
-16.434,0.0
-16.424,0.0
-16.414,0.0
-16.404,0.0
-16.394,0.0
-16.384,0.0
-16.374000000000002,0.0
-16.364,0.0
-16.354,0.0
-16.344,0.0
-16.334,0.0
-16.323999999999998,7.7e-26
-16.314,1.606e-25
-16.304000000000002,3.32e-25
-16.294,7.56e-25
-16.284,1.534e-24
-16.274,3.08e-24
-16.264,6.12e-24
-16.254,1.204e-23
-16.244,2.34e-23
-16.234,4.5e-23
-16.224,8.58e-23
-16.214,1.618e-22
-16.204,3.02e-22
-16.194,5.56e-22
-16.184,1.014e-21
-16.174,1.832e-21
-16.164,3.28e-21
-16.154,5.78e-21
-16.144,1.012e-20
-16.134,1.75e-20
-16.124000000000002,3e-20
-16.114,5.08e-20
-16.104,8.52e-20
-16.094,1.412e-19
-16.084,2.32e-19
-16.073999999999998,3.76e-19
-16.064,6.04e-19
-16.054000000000002,9.62e-19
-16.044,1.512e-18
-16.034,2.36e-18
-16.024,3.62e-18
-16.014,5.54e-18
-16.004,8.34e-18
-15.994,1.246e-17
-15.984,1.84e-17
-15.974,2.68e-17
-15.964,3.9e-17
-15.954,5.58e-17
-15.943999999999999,7.9e-17
-15.934000000000001,1.106e-16
-15.924,1.536e-16
-15.914,2.12e-16
-15.904,2.86e-16
-15.894,3.86e-16
-15.884,5.14e-16
-15.874,6.78e-16
-15.864,8.84e-16
-15.854,1.142e-15
-15.844000000000001,1.462e-15
-15.834,1.85e-15
-15.824,2.32e-15
-15.814,2.88e-15
-15.804,3.54e-15
-15.794,4.32e-15
-15.784,5.2e-15
-15.774000000000001,6.2e-15
-15.764,7.34e-15
-15.754,8.62e-15
-15.744,1e-14
-15.734,1.152e-14
-15.724,1.314e-14
-15.714,1.486e-14
-15.704,1.668e-14
-15.693999999999999,1.856e-14
-15.684000000000001,2.04e-14
-15.674,2.24e-14
-15.664,2.44e-14
-15.654,2.64e-14
-15.644,2.82e-14
-15.634,3e-14
-15.624,3.18e-14
-15.614,3.34e-14
-15.604,3.5e-14
-15.594000000000001,3.64e-14
-15.584,3.78e-14
-15.574,3.9e-14
-15.564,4.02e-14
-15.554,4.12e-14
-15.544,4.2e-14
-15.534,4.28e-14
-15.524000000000001,4.36e-14
-15.514,4.42e-14
-15.504,4.48e-14
-15.494,4.52e-14
-15.484,4.54e-14
-15.474,4.56e-14
-15.464,4.56e-14
-15.454,8.36e-14
-15.443999999999999,1.25e-13
-15.434000000000001,2.1e-13
-15.424,4.7e-13
-15.414,9.12e-13
-15.404,1.802e-12
-15.394,3.56e-12
-15.384,7.02e-12
-15.374,1.372e-11
-15.364,2.66e-11
-15.354,5.1e-11
-15.344000000000001,9.68e-11
-15.334,1.82e-10
-15.324,3.38e-10
-15.314,6.22e-10
-15.304,1.134e-09
-15.294,2.04e-09
-15.284,3.64e-09
-15.274000000000001,6.42e-09
-15.264,1.12e-08
-15.254,1.932e-08
-15.244,3.3e-08
-15.234,5.58e-08
-15.224,9.32e-08
-15.214,1.544e-07
-15.204,2.52e-07
-15.193999999999999,4.1e-07
-15.184000000000001,6.56e-07
-15.174,1.042e-06
-15.164,1.636e-06
-15.154,2.54e-06
-15.144,3.9e-06
-15.134,5.94e-06
-15.124,8.94e-06
-15.114,1.332e-05
-15.104,1.964e-05
-15.094000000000001,2.86e-05
-15.084,4.14e-05
-15.074,5.92e-05
-15.064,8.36e-05
-15.054,0.000117
-15.044,0.000162
-15.034,0.000222
-15.024000000000001,0.000302
-15.014,0.000404
-15.004,0.000538
-14.994,0.000706
-14.984,0.00092
-14.974,0.001186
-14.964,0.001514
-14.954,0.001912
-14.943999999999999,0.0024
-14.934000000000001,0.00296
-14.924,0.00364
-14.914,0.0044
-14.904,0.0053
-14.894,0.0063
-14.884,0.00744
-14.874,0.00868
-14.864,0.01004
-14.854,0.01152
-14.844000000000001,0.01308
-14.834,0.01472
-14.824,0.01642
-14.814,0.01816
-14.804,0.01992
-14.794,0.0216
-14.784,0.0234
-14.774000000000001,0.025
-14.764,0.0266
-14.754,0.028
-14.744,0.0292
-14.734,0.0304
-14.724,0.0314
-14.714,0.0324
-14.704,0.033
-14.693999999999999,0.0336
-14.684000000000001,0.034
-14.674,0.0342
-14.664,0.0344
-14.654,0.0344
-14.644,0.0342
-14.634,0.034
-14.624,0.0336
-14.614,0.0332
-14.604,0.0328
-14.594000000000001,0.0322
-14.584,0.0316
-14.574,0.031
-14.564,0.0302
-14.554,0.0292
-14.544,0.0282
-14.534,0.0272
-14.524000000000001,0.0262
-14.514,0.025
-14.504,0.0236
-14.494,0.0222
-14.484,0.0208
-14.474,0.01944
-14.464,0.01796
-14.454,0.0165
-14.443999999999999,0.01502
-14.434000000000001,0.01358
-14.424,0.01216
-14.414,0.01082
-14.404,0.00954
-14.394,0.00834
-14.384,0.00722
-14.374,0.0062
-14.364,0.00528
-14.354,0.00446
-14.344000000000001,0.00372
-14.334,0.00308
-14.324,0.00252
-14.314,0.00206
-14.304,0.00165
-14.294,0.001316
-14.284,0.001038
-14.274000000000001,0.000812
-14.264,0.00063
-14.254,0.000484
-14.244,0.000368
-14.234,0.000278
-14.224,0.00021
-14.214,0.0001578
-14.204,0.0001198
-14.193999999999999,9.28e-05
-14.184000000000001,7.46e-05
-14.174,6.36e-05
-14.164,5.86e-05
-14.154,5.86e-05
-14.144,6.3e-05
-14.134,7.14e-05
-14.124,8.36e-05
-14.114,9.92e-05
-14.104,0.0001186
-14.094000000000001,0.0001414
-14.084,0.0001678
-14.074,0.0001976
-14.064,0.000232
-14.054,0.000268
-14.044,0.000308
-14.034,0.000352
-14.024000000000001,0.0004
-14.014,0.000452
-14.004,0.000508
-13.994,0.000568
-13.984,0.000636
-13.974,0.000714
-13.964,0.000804
-13.954,0.000912
-13.943999999999999,0.001046
-13.934000000000001,0.001212
-13.924,0.001426
-13.914,0.001704
-13.904,0.00206
-13.894,0.00252
-13.884,0.00314
-13.874,0.0039
-13.864,0.0049
-13.854,0.00616
-13.844,0.00776
-13.834,0.00972
-13.824,0.01216
-13.814,0.01514
-13.804,0.0187
-13.794,0.023
-13.784,0.028
-13.774000000000001,0.0338
-13.764,0.0406
-13.754,0.0482
-13.744,0.0568
-13.734,0.0664
-13.724,0.077
-13.714,0.0882
-13.704,0.1004
-13.694,0.1132
-13.684000000000001,0.1266
-13.674,0.1402
-13.664,0.154
-13.654,0.1676
-13.644,0.1808
-13.634,0.1936
-13.624,0.206
-13.614,0.216
-13.604,0.226
-13.594,0.234
-13.584,0.24
-13.574,0.244
-13.564,0.246
-13.554,0.248
-13.544,0.246
-13.534,0.244
-13.524000000000001,0.24
-13.514,0.234
-13.504,0.226
-13.494,0.218
-13.484,0.208
-13.474,0.1972
-13.464,0.1862
-13.454,0.1746
-13.444,0.163
-13.434000000000001,0.1514
-13.424,0.1398
-13.414,0.1284
-13.404,0.1176
-13.394,0.107
-13.384,0.0972
-13.374,0.0878
-13.364,0.079
-13.354,0.071
-13.344,0.0634
-13.334,0.0564
-13.324,0.0502
-13.314,0.0444
-13.304,0.039
-13.294,0.0342
-13.284,0.03
-13.274000000000001,0.0262
-13.264,0.0226
-13.254,0.01954
-13.244,0.01678
-13.234,0.01434
-13.224,0.01218
-13.214,0.01028
-13.204,0.00862
-13.194,0.00718
-13.184000000000001,0.00596
-13.174,0.0049
-13.164,0.004
-13.154,0.00324
-13.144,0.0026
-13.134,0.00208
-13.124,0.001638
-13.114,0.001286
-13.104,0.001
-13.094,0.00077
-13.084,0.00059
-13.074,0.000446
-13.064,0.000336
-13.054,0.00025
-13.044,0.0001838
-13.034,0.0001344
-13.024000000000001,9.72e-05
-13.014,6.98e-05
-13.004,4.96e-05
-12.994,3.48e-05
-12.984,2.42e-05
-12.974,1.676e-05
-12.964,1.146e-05
-12.954,7.76e-06
-12.944,5.2e-06
-12.934000000000001,3.46e-06
-12.924,2.28e-06
-12.914,1.48e-06
-12.904,9.54e-07
-12.894,6.1e-07
-12.884,3.86e-07
-12.874,2.42e-07
-12.864,1.494e-07
-12.854,9.16e-08
-12.844,5.56e-08
-12.834,3.34e-08
-12.824,1.99e-08
-12.814,1.172e-08
-12.804,6.84e-09
-12.794,3.94e-09
-12.784,2.26e-09
-12.774000000000001,1.276e-09
-12.764,7.14e-10
-12.754,3.96e-10
-12.744,2.18e-10
-12.734,1.18e-10
-12.724,6.34e-11
-12.714,3.38e-11
-12.704,1.774e-11
-12.694,9.22e-12
-12.684000000000001,4.74e-12
-12.674,2.42e-12
-12.664,1.208e-12
-12.654,6.04e-13
-12.644,3e-13
-12.634,1.182e-13
-12.624,5.78e-14
-12.614,2.8e-14
-12.604,1.336e-14
-12.594,9e-20
-12.584,4.26e-20
-12.574,0.0
-12.564,0.0
-12.554,0.0
-12.544,0.0
-12.534,0.0
-12.524000000000001,0.0
-12.514,0.0
-12.504,0.0
-12.494,0.0
-12.484,0.0
-12.474,0.0
-12.464,0.0
-12.454,0.0
-12.444,0.0
-12.434000000000001,0.0
-12.424,0.0
-12.414,0.0
-12.404,0.0
-12.394,0.0
-12.384,0.0
-12.374,0.0
-12.364,0.0
-12.354,0.0
-12.344,0.0
-12.334,0.0
-12.324,0.0
-12.314,0.0
-12.304,0.0
-12.294,0.0
-12.284,0.0
-12.274000000000001,0.0
-12.264,0.0
-12.254,0.0
-12.244,0.0
-12.234,0.0
-12.224,0.0
-12.214,0.0
-12.204,0.0
-12.194,0.0
-12.184,0.0
-12.174,0.0
-12.164,0.0
-12.154,0.0
-12.144,0.0
-12.134,0.0
-12.124,0.0
-12.114,0.0
-12.104000000000001,0.0
-12.094,0.0
-12.084,0.0
-12.074,0.0
-12.064,0.0
-12.054,0.0
-12.044,0.0
-12.034,0.0
-12.024000000000001,0.0
-12.014,0.0
-12.004,0.0
-11.994,0.0
-11.984,0.0
-11.974,0.0
-11.964,0.0
-11.954,0.0
-11.944,0.0
-11.934,0.0
-11.924,0.0
-11.914,0.0
-11.904,0.0
-11.894,0.0
-11.884,0.0
-11.874,0.0
-11.864,0.0
-11.854000000000001,0.0
-11.844,0.0
-11.834,0.0
-11.824,0.0
-11.814,0.0
-11.804,0.0
-11.794,0.0
-11.784,0.0
-11.774000000000001,0.0
-11.764,0.0
-11.754,0.0
-11.744,0.0
-11.734,0.0
-11.724,0.0
-11.714,0.0
-11.704,0.0
-11.694,0.0
-11.684,0.0
-11.674,0.0
-11.664,0.0
-11.654,0.0
-11.644,0.0
-11.634,0.0
-11.624,0.0
-11.614,0.0
-11.604,0.0
-11.594,0.0
-11.584,0.0
-11.574,0.0
-11.564,0.0
-11.554,0.0
-11.544,0.0
-11.534,0.0
-11.524000000000001,0.0
-11.514,0.0
-11.504,0.0
-11.494,0.0
-11.484,0.0
-11.474,0.0
-11.464,0.0
-11.454,0.0
-11.444,0.0
-11.434,0.0
-11.424,0.0
-11.414,0.0
-11.404,0.0
-11.394,0.0
-11.384,0.0
-11.374,0.0
-11.364,0.0
-11.354,0.0
-11.344,0.0
-11.334,0.0
-11.324,0.0
-11.314,0.0
-11.304,0.0
-11.294,0.0
-11.284,0.0
-11.274000000000001,0.0
-11.264,0.0
-11.254,0.0
-11.244,0.0
-11.234,0.0
-11.224,0.0
-11.214,0.0
-11.204,0.0
-11.194,0.0
-11.184000000000001,0.0
-11.174,0.0
-11.164,0.0
-11.154,0.0
-11.144,0.0
-11.134,0.0
-11.124,0.0
-11.114,0.0
-11.104,0.0
-11.094,0.0
-11.084,0.0
-11.074,0.0
-11.064,0.0
-11.054,0.0
-11.044,0.0
-11.034,0.0
-11.024000000000001,0.0
-11.014,0.0
-11.004,0.0
-10.994,0.0
-10.984,0.0
-10.974,0.0
-10.964,0.0
-10.954,0.0
-10.944,0.0
-10.934000000000001,0.0
-10.924,0.0
-10.914,0.0
-10.904,0.0
-10.894,0.0
-10.884,0.0
-10.874,0.0
-10.864,0.0
-10.854,0.0
-10.844,0.0
-10.834,0.0
-10.824,0.0
-10.814,0.0
-10.804,0.0
-10.794,0.0
-10.784,0.0
-10.774000000000001,0.0
-10.764,0.0
-10.754,0.0
-10.744,0.0
-10.734,0.0
-10.724,0.0
-10.714,0.0
-10.704,0.0
-10.694,0.0
-10.684000000000001,0.0
-10.674,0.0
-10.664,0.0
-10.654,0.0
-10.644,0.0
-10.634,0.0
-10.624,0.0
-10.614,0.0
-10.604,0.0
-10.594,0.0
-10.584,0.0
-10.574,0.0
-10.564,0.0
-10.554,0.0
-10.544,0.0
-10.534,0.0
-10.524000000000001,0.0
-10.514,0.0
-10.504,0.0
-10.494,0.0
-10.484,0.0
-10.474,0.0
-10.464,0.0
-10.454,0.0
-10.444,0.0
-10.434000000000001,0.0
-10.424,0.0
-10.414,0.0
-10.404,0.0
-10.394,0.0
-10.384,0.0
-10.374,0.0
-10.364,0.0
-10.354,0.0
-10.344,0.0
-10.334,0.0
-10.324,0.0
-10.314,0.0
-10.304,0.0
-10.294,0.0
-10.284,0.0
-10.274000000000001,0.0
-10.264,0.0
-10.254,0.0
-10.244,0.0
-10.234,0.0
-10.224,0.0
-10.214,0.0
-10.204,0.0
-10.194,0.0
-10.184000000000001,0.0
-10.174,0.0
-10.164,0.0
-10.154,0.0
-10.144,0.0
-10.134,0.0
-10.124,0.0
-10.114,0.0
-10.104,0.0
-10.094,0.0
-10.084,0.0
-10.074,0.0
-10.064,0.0
-10.054,0.0
-10.044,0.0
-10.034,0.0
-10.024000000000001,0.0
-10.014,0.0
-10.004,0.0
-9.994,0.0
-9.984,0.0
-9.974,0.0
-9.964,0.0
-9.954,0.0
-9.944,0.0
-9.934000000000001,0.0
-9.924,0.0
-9.914,0.0
-9.904,0.0
-9.894,0.0
-9.884,0.0
-9.874,0.0
-9.864,0.0
-9.854,0.0
-9.844000000000001,0.0
-9.834,0.0
-9.824,0.0
-9.814,0.0
-9.804,0.0
-9.794,0.0
-9.784,0.0
-9.774000000000001,0.0
-9.764,0.0
-9.754,0.0
-9.744,0.0
-9.734,0.0
-9.724,0.0
-9.714,0.0
-9.704,0.0
-9.693999999999999,0.0
-9.684000000000001,0.0
-9.674,0.0
-9.664,0.0
-9.654,0.0
-9.644,0.0
-9.634,0.0
-9.624,0.0
-9.614,0.0
-9.604,0.0
-9.594000000000001,0.0
-9.584,0.0
-9.574,0.0
-9.564,0.0
-9.554,0.0
-9.544,0.0
-9.534,0.0
-9.524000000000001,0.0
-9.514,0.0
-9.504,0.0
-9.494,0.0
-9.484,0.0
-9.474,0.0
-9.464,0.0
-9.454,0.0
-9.443999999999999,0.0
-9.434000000000001,0.0
-9.424,0.0
-9.414,0.0
-9.404,0.0
-9.394,0.0
-9.384,0.0
-9.374,0.0
-9.364,0.0
-9.354,0.0
-9.344000000000001,0.0
-9.334,0.0
-9.324,0.0
-9.314,0.0
-9.304,0.0
-9.294,0.0
-9.284,0.0
-9.274000000000001,0.0
-9.264,0.0
-9.254,0.0
-9.244,0.0
-9.234,0.0
-9.224,0.0
-9.214,0.0
-9.204,0.0
-9.193999999999999,0.0
-9.184000000000001,0.0
-9.174,0.0
-9.164,0.0
-9.154,0.0
-9.144,0.0
-9.134,0.0
-9.124,0.0
-9.114,0.0
-9.104,0.0
-9.094000000000001,0.0
-9.084,0.0
-9.074,0.0
-9.064,0.0
-9.054,0.0
-9.044,0.0
-9.034,0.0
-9.024000000000001,0.0
-9.014,0.0
-9.004,0.0
-8.994,0.0
-8.984,0.0
-8.974,0.0
-8.964,0.0
-8.954,0.0
-8.943999999999999,0.0
-8.934000000000001,0.0
-8.924,0.0
-8.914,0.0
-8.904,0.0
-8.894,0.0
-8.884,0.0
-8.874,0.0
-8.864,0.0
-8.854,0.0
-8.844000000000001,0.0
-8.834,0.0
-8.824,0.0
-8.814,0.0
-8.804,0.0
-8.794,0.0
-8.784,0.0
-8.774000000000001,0.0
-8.764,0.0
-8.754,0.0
-8.744,0.0
-8.734,0.0
-8.724,0.0
-8.714,0.0
-8.704,0.0
-8.693999999999999,0.0
-8.684000000000001,0.0
-8.674,0.0
-8.664,0.0
-8.654,0.0
-8.644,0.0
-8.634,0.0
-8.624,0.0
-8.614,0.0
-8.604,0.0
-8.594000000000001,0.0
-8.584,0.0
-8.574,0.0
-8.564,0.0
-8.554,0.0
-8.544,0.0
-8.534,0.0
-8.524000000000001,0.0
-8.514,0.0
-8.504,0.0
-8.494,0.0
-8.484,0.0
-8.474,0.0
-8.464,0.0
-8.454,0.0
-8.443999999999999,0.0
-8.434000000000001,0.0
-8.424,0.0
-8.414,0.0
-8.404,0.0
-8.394,0.0
-8.384,0.0
-8.374,0.0
-8.364,0.0
-8.354,0.0
-8.344000000000001,0.0
-8.334,0.0
-8.324,0.0
-8.314,0.0
-8.304,0.0
-8.294,0.0
-8.284,0.0
-8.274000000000001,0.0
-8.264,0.0
-8.254,0.0
-8.244,3.18e-25
-8.234,6.66e-25
-8.224,1.38e-24
-8.214,2.84e-24
-8.204,5.74e-24
-8.193999999999999,1.154e-23
-8.184000000000001,2.3e-23
-8.174,4.5e-23
-8.164,8.74e-23
-8.154,1.682e-22
-8.144,3.2e-22
-8.134,6.02e-22
-8.124,1.12e-21
-8.114,2.06e-21
-8.104,3.76e-21
-8.094000000000001,6.78e-21
-8.084,1.208e-20
-8.074,2.14e-20
-8.064,3.72e-20
-8.054,6.42e-20
-8.044,1.096e-19
-8.034,1.852e-19
-8.024000000000001,2.06e-13
-8.014,4.28e-13
-8.004,8.88e-13
-7.994,1.818e-12
-7.984,4e-12
-7.974,8.06e-12
-7.964,1.602e-11
-7.954000000000001,3.16e-11
-7.944,6.14e-11
-7.934,1.184e-10
-7.9239999999999995,2.26e-10
-7.914,4.26e-10
-7.904,7.96e-10
-7.894,1.47e-09
-7.884,2.68e-09
-7.8740000000000006,4.86e-09
-7.864,8.7e-09
-7.854,1.54e-08
-7.844,2.7e-08
-7.8340000000000005,4.68e-08
-7.824,8.04e-08
-7.814,1.364e-07
-7.804,2.3e-07
-7.7940000000000005,3.8e-07
-7.784,6.26e-07
-7.774,1.02e-06
-7.764,1.644e-06
-7.7540000000000004,2.62e-06
-7.744,4.14e-06
-7.734,6.46e-06
-7.724,9.98e-06
-7.714,1.526e-05
-7.704,2.32e-05
-7.694,3.46e-05
-7.684,5.12e-05
-7.674,7.52e-05
-7.664,0.0001092
-7.654,0.000157
-7.644,0.000224
-7.634,0.000314
-7.6240000000000006,0.000438
-7.614,0.000604
-7.604,0.000824
-7.594,0.001114
-7.5840000000000005,0.00149
-7.574,0.001974
-7.564,0.00258
-7.554,0.00336
-7.5440000000000005,0.0043
-7.534,0.00548
-7.524,0.0069
-7.514,0.0086
-7.5040000000000004,0.0106
-7.494,0.01296
-7.484,0.01566
-7.474,0.01876
-7.464,0.0222
-7.454,0.0262
-7.444,0.0304
-7.434,0.035
-7.424,0.04
-7.414,0.0454
-7.404,0.0508
-7.394,0.0564
-7.384,0.0622
-7.3740000000000006,0.068
-7.364,0.0736
-7.354,0.079
-7.344,0.0842
-7.3340000000000005,0.0892
-7.324,0.0936
-7.314,0.0976
-7.304,0.101
-7.2940000000000005,0.104
-7.284,0.1066
-7.274,0.1084
-7.264,0.11
-7.2540000000000004,0.111
-7.244,0.1114
-7.234,0.1116
-7.224,0.1116
-7.214,0.1112
-7.204,0.1106
-7.194,0.1098
-7.184,0.109
-7.174,0.108
-7.164,0.107
-7.154,0.106
-7.144,0.105
-7.134,0.104
-7.1240000000000006,0.1028
-7.114,0.1018
-7.104,0.1006
-7.094,0.0992
-7.0840000000000005,0.0978
-7.074,0.0962
-7.064,0.0944
-7.054,0.0924
-7.0440000000000005,0.0902
-7.034,0.0878
-7.024,0.0854
-7.014,0.0828
-7.0040000000000004,0.0802
-6.994,0.0776
-6.984,0.0752
-6.974,0.0732
-6.964,0.0714
-6.954,0.0704
-6.944,0.0698
-6.934,0.0702
-6.924,0.0714
-6.914,0.0738
-6.904,0.0772
-6.894,0.0818
-6.884,0.0878
-6.8740000000000006,0.0952
-6.864,0.1038
-6.854,0.1138
-6.844,0.1252
-6.8340000000000005,0.1378
-6.824,0.1518
-6.814,0.1666
-6.804,0.1826
-6.7940000000000005,0.1996
-6.784,0.218
-6.774,0.236
-6.764,0.254
-6.7540000000000004,0.272
-6.744,0.292
-6.734,0.31
-6.724,0.328
-6.714,0.346
-6.704,0.364
-6.694,0.38
-6.684,0.396
-6.674,0.41
-6.664,0.424
-6.654,0.436
-6.644,0.448
-6.634,0.458
-6.6240000000000006,0.466
-6.614,0.474
-6.604,0.48
-6.594,0.486
-6.5840000000000005,0.492
-6.574,0.494
-6.564,0.498
-6.554,0.5
-6.5440000000000005,0.5
-6.534,0.5
-6.524,0.5
-6.514,0.496
-6.5040000000000004,0.492
-6.494,0.486
-6.484,0.48
-6.474,0.472
-6.464,0.462
-6.454,0.45
-6.444,0.436
-6.434,0.422
-6.424,0.406
-6.414,0.39
-6.404,0.372
-6.394,0.354
-6.384,0.336
-6.3740000000000006,0.32
-6.364,0.302
-6.354,0.286
-6.344,0.272
-6.3340000000000005,0.258
-6.324,0.248
-6.314,0.238
-6.304,0.23
-6.2940000000000005,0.222
-6.284,0.218
-6.274,0.216
-6.264,0.214
-6.2540000000000004,0.214
-6.244,0.216
-6.234,0.218
-6.224,0.22
-6.214,0.224
-6.204,0.226
-6.194,0.228
-6.184,0.23
-6.174,0.23
-6.164,0.23
-6.154,0.23
-6.144,0.228
-6.134,0.226
-6.1240000000000006,0.222
-6.114,0.218
-6.104,0.214
-6.094,0.21
-6.0840000000000005,0.204
-6.074,0.199
-6.064,0.194
-6.054,0.189
-6.0440000000000005,0.1842
-6.034,0.1794
-6.024,0.1748
-6.014,0.1702
-6.0040000000000004,0.1656
-5.994,0.161
-5.984,0.1562
-5.974,0.1514
-5.964,0.1462
-5.954,0.1408
-5.944,0.1354
-5.934,0.1298
-5.924,0.1242
-5.914,0.1186
-5.904,0.1132
-5.894,0.108
-5.884,0.103
-5.8740000000000006,0.0986
-5.864,0.0946
-5.854,0.0912
-5.844,0.0882
-5.8340000000000005,0.0858
-5.824,0.084
-5.814,0.0826
-5.804,0.082
-5.7940000000000005,0.0816
-5.784,0.0818
-5.774,0.0822
-5.764,0.0832
-5.7540000000000004,0.0844
-5.744,0.0858
-5.734,0.0876
-5.724,0.0896
-5.714,0.0916
-5.704,0.0938
-5.694,0.096
-5.684,0.0982
-5.674,0.1002
-5.664,0.1022
-5.654,0.1036
-5.644,0.1048
-5.634,0.1056
-5.6240000000000006,0.1058
-5.614,0.1056
-5.604,0.1048
-5.594,0.1034
-5.5840000000000005,0.1018
-5.574,0.0998
-5.564,0.0976
-5.554,0.0954
-5.5440000000000005,0.0936
-5.534,0.092
-5.524,0.0914
-5.514,0.0918
-5.5040000000000004,0.0934
-5.494,0.0968
-5.484,0.1018
-5.474,0.109
-5.464,0.1186
-5.454,0.1306
-5.444,0.1452
-5.434,0.1626
-5.424,0.1826
-5.414,0.206
-5.404,0.23
-5.394,0.258
-5.384,0.288
-5.3740000000000006,0.32
-5.364,0.352
-5.354,0.386
-5.344,0.42
-5.3340000000000005,0.454
-5.324,0.488
-5.314,0.522
-5.304,0.552
-5.2940000000000005,0.582
-5.284,0.608
-5.274,0.632
-5.264,0.652
-5.2540000000000004,0.668
-5.244,0.68
-5.234,0.688
-5.224,0.694
-5.214,0.694
-5.204,0.69
-5.194,0.684
-5.184,0.674
-5.174,0.66
-5.164,0.644
-5.154,0.628
-5.144,0.608
-5.134,0.588
-5.1240000000000006,0.566
-5.114,0.544
-5.104,0.522
-5.094,0.5
-5.0840000000000005,0.48
-5.074,0.46
-5.064,0.44
-5.054,0.422
-5.0440000000000005,0.406
-5.034,0.39
-5.024,0.374
-5.014,0.362
-5.0040000000000004,0.348
-4.994,0.338
-4.984,0.326
-4.974,0.316
-4.964,0.306
-4.954,0.298
-4.944,0.288
-4.934,0.28
-4.924,0.272
-4.914,0.262
-4.904,0.254
-4.894,0.246
-4.884,0.236
-4.8740000000000006,0.228
-4.864,0.22
-4.854,0.212
-4.844,0.206
-4.8340000000000005,0.1986
-4.824,0.1924
-4.814,0.1868
-4.804,0.1818
-4.7940000000000005,0.1772
-4.784,0.173
-4.774,0.1694
-4.764,0.1658
-4.7540000000000004,0.1626
-4.744,0.1592
-4.734,0.1558
-4.724,0.1522
-4.714,0.1482
-4.704,0.144
-4.694,0.1394
-4.684,0.1344
-4.674,0.1294
-4.664,0.124
-4.654,0.1186
-4.644,0.1132
-4.634,0.108
-4.6240000000000006,0.1032
-4.614,0.0988
-4.604,0.0952
-4.594,0.0922
-4.5840000000000005,0.0902
-4.574,0.089
-4.564,0.0886
-4.554,0.0892
-4.5440000000000005,0.0906
-4.534,0.0928
-4.524,0.0956
-4.514,0.099
-4.5040000000000004,0.103
-4.494,0.107
-4.484,0.1114
-4.474,0.1156
-4.464,0.1198
-4.454,0.1238
-4.444,0.1274
-4.434,0.1306
-4.424,0.1334
-4.414,0.1356
-4.404,0.137
-4.394,0.138
-4.384,0.1382
-4.3740000000000006,0.1378
-4.364,0.1368
-4.354,0.1354
-4.344,0.1332
-4.3340000000000005,0.1308
-4.324,0.1278
-4.314,0.1248
-4.304,0.1214
-4.2940000000000005,0.118
-4.284,0.1146
-4.274,0.1114
-4.264,0.1086
-4.2540000000000004,0.1058
-4.244,0.1036
-4.234,0.102
-4.224,0.1006
-4.214,0.1
-4.204,0.0998
-4.194,0.1
-4.184,0.1008
-4.174,0.102
-4.164,0.1036
-4.154,0.1056
-4.144,0.1078
-4.134,0.1106
-4.1240000000000006,0.1138
-4.114,0.1174
-4.104,0.1218
-4.094,0.1268
-4.0840000000000005,0.133
-4.074,0.1402
-4.064,0.1492
-4.054,0.16
-4.0440000000000005,0.173
-4.034,0.1886
-4.024,0.206
-4.014,0.228
-4.0040000000000004,0.252
-3.9939999999999998,0.28
-3.984,0.31
-3.974,0.344
-3.9640000000000004,0.38
-3.9539999999999997,0.416
-3.944,0.456
-3.934,0.494
-3.9240000000000004,0.532
-3.9139999999999997,0.568
-3.904,0.6
-3.894,0.63
-3.8840000000000003,0.654
-3.8740000000000006,0.674
-3.8640000000000008,0.686
-3.854000000000001,0.692
-3.8439999999999994,0.69
-3.8339999999999996,0.682
-3.824,0.666
-3.814,0.644
-3.8040000000000003,0.618
-3.7940000000000005,0.584
-3.7840000000000007,0.548
-3.774000000000001,0.508
-3.7639999999999993,0.466
-3.7539999999999996,0.422
-3.7439999999999998,0.38
-3.734,0.336
-3.724,0.296
-3.7140000000000004,0.258
-3.7040000000000006,0.222
-3.694000000000001,0.1884
-3.6839999999999993,0.1586
-3.6739999999999995,0.1322
-3.6639999999999997,0.109
-3.654,0.0888
-3.644,0.0716
-3.6340000000000003,0.0572
-3.6240000000000006,0.0452
-3.6140000000000008,0.0354
-3.604000000000001,0.0274
-3.5939999999999994,0.021
-3.5839999999999996,0.01584
-3.574,0.01186
-3.564,0.0088
-3.5540000000000003,0.00646
-3.5440000000000005,0.0047
-3.5340000000000007,0.00338
-3.524000000000001,0.0024
-3.5139999999999993,0.001702
-3.5039999999999996,0.001192
-3.4939999999999998,0.000832
-3.484,0.00058
-3.474,0.000408
-3.4640000000000004,0.000296
-3.4540000000000006,0.000228
-3.444000000000001,0.0001976
-3.4339999999999993,0.0001992
-3.4239999999999995,0.000232
-3.4139999999999997,0.000304
-3.404,0.00042
-3.394,0.0006
-3.3840000000000003,0.000864
-3.3740000000000006,0.001244
-3.3640000000000008,0.001782
-3.354000000000001,0.00254
-3.3439999999999994,0.00358
-3.3339999999999996,0.00502
-3.324,0.00698
-3.314,0.00962
-3.3040000000000003,0.0131
-3.2940000000000005,0.0177
-3.2840000000000007,0.0236
-3.274000000000001,0.0314
-3.2639999999999993,0.041
-3.2539999999999996,0.0532
-3.2439999999999998,0.0684
-3.234,0.087
-3.224,0.1096
-3.2140000000000004,0.1366
-3.2040000000000006,0.1686
-3.194000000000001,0.206
-3.1839999999999993,0.25
-3.1739999999999995,0.298
-3.1639999999999997,0.354
-3.154,0.416
-3.144,0.482
-3.1340000000000003,0.554
-3.1240000000000006,0.632
-3.1140000000000008,0.712
-3.104000000000001,0.796
-3.0939999999999994,0.878
-3.0839999999999996,0.962
-3.074,1.042
-3.064,1.116
-3.0540000000000003,1.186
-3.0440000000000005,1.246
-3.0340000000000007,1.298
-3.024000000000001,1.336
-3.0139999999999993,1.364
-3.0039999999999996,1.378
-2.9939999999999998,1.378
-2.984,1.364
-2.974,1.336
-2.9640000000000004,1.296
-2.9540000000000006,1.246
-2.944000000000001,1.186
-2.9339999999999993,1.116
-2.9239999999999995,1.042
-2.9139999999999997,0.962
-2.904,0.878
-2.894,0.796
-2.8840000000000003,0.714
-2.8740000000000006,0.634
-2.8640000000000008,0.556
-2.854000000000001,0.484
-2.8439999999999994,0.418
-2.8339999999999996,0.356
-2.824,0.302
-2.814,0.254
-2.8040000000000003,0.212
-2.7940000000000005,0.1746
-2.7840000000000007,0.1434
-2.774000000000001,0.117
-2.7639999999999993,0.0952
-2.7539999999999996,0.0772
-2.7439999999999998,0.0626
-2.734,0.051
-2.724,0.0416
-2.7140000000000004,0.0344
-2.7040000000000006,0.0288
-2.694000000000001,0.0244
-2.6839999999999993,0.021
-2.6739999999999995,0.01842
-2.6639999999999997,0.01642
-2.654,0.0149
-2.644,0.0137
-2.6340000000000003,0.01278
-2.6240000000000006,0.01206
-2.6140000000000008,0.01154
-2.604000000000001,0.01118
-2.5939999999999994,0.011
-2.5839999999999996,0.01098
-2.574,0.01114
-2.564,0.01148
-2.5540000000000003,0.01204
-2.5440000000000005,0.01282
-2.5340000000000007,0.01382
-2.524000000000001,0.01506
-2.5139999999999993,0.01654
-2.5039999999999996,0.01824
-2.4939999999999998,0.0202
-2.484,0.0224
-2.474,0.0246
-2.4640000000000004,0.0272
-2.4540000000000006,0.0298
-2.444000000000001,0.0326
-2.4339999999999993,0.0356
-2.4239999999999995,0.0386
-2.4139999999999997,0.0418
-2.404,0.045
-2.394,0.0484
-2.3840000000000003,0.0518
-2.3740000000000006,0.0554
-2.3640000000000008,0.0592
-2.354000000000001,0.0632
-2.3439999999999994,0.0674
-2.3339999999999996,0.0718
-2.324,0.077
-2.314,0.0824
-2.3040000000000003,0.0886
-2.2940000000000005,0.0958
-2.2840000000000007,0.1038
-2.274000000000001,0.1128
-2.2639999999999993,0.1234
-2.2539999999999996,0.1352
-2.2439999999999998,0.149
-2.234,0.1646
-2.224,0.1824
-2.2140000000000004,0.202
-2.2040000000000006,0.226
-2.194000000000001,0.25
-2.1839999999999993,0.278
-2.1739999999999995,0.31
-2.1639999999999997,0.344
-2.154,0.38
-2.144,0.42
-2.1340000000000003,0.462
-2.1240000000000006,0.508
-2.1140000000000008,0.554
-2.104000000000001,0.602
-2.0939999999999994,0.652
-2.0839999999999996,0.704
-2.074,0.754
-2.064,0.804
-2.0540000000000003,0.854
-2.0440000000000005,0.904
-2.0340000000000007,0.95
-2.024000000000001,0.996
-2.0139999999999993,1.038
-2.0039999999999996,1.08
-1.9939999999999998,1.12
-1.984,1.158
-1.9740000000000002,1.194
-1.9640000000000004,1.23
-1.9540000000000006,1.264
-1.9440000000000008,1.3
-1.9339999999999993,1.338
-1.9239999999999995,1.376
-1.9139999999999997,1.414
-1.904,1.456
-1.8940000000000001,1.5
-1.8840000000000003,1.544
-1.8740000000000006,1.588
-1.8640000000000008,1.634
-1.854000000000001,1.676
-1.8439999999999994,1.716
-1.8339999999999996,1.754
-1.8239999999999998,1.784
-1.814,1.806
-1.8040000000000003,1.822
-1.7940000000000005,1.826
-1.7840000000000007,1.82
-1.774000000000001,1.802
-1.7639999999999993,1.772
-1.7539999999999996,1.732
-1.7439999999999998,1.678
-1.734,1.614
-1.7240000000000002,1.54
-1.7140000000000004,1.458
-1.7040000000000006,1.368
-1.6940000000000008,1.272
-1.6839999999999993,1.174
-1.6739999999999995,1.074
-1.6639999999999997,0.972
-1.654,0.874
-1.6440000000000001,0.778
-1.6340000000000003,0.686
-1.6240000000000006,0.598
-1.6140000000000008,0.518
-1.604000000000001,0.444
-1.5939999999999994,0.378
-1.5839999999999996,0.318
-1.5739999999999998,0.264
-1.564,0.218
-1.5540000000000003,0.1782
-1.5440000000000005,0.1442
-1.5340000000000007,0.1156
-1.524000000000001,0.0918
-1.5139999999999993,0.072
-1.5039999999999996,0.056
-1.4939999999999998,0.0432
-1.484,0.033
-1.4740000000000002,0.0248
-1.4640000000000004,0.01856
-1.4540000000000006,0.01372
-1.4440000000000008,0.01004
-1.4339999999999993,0.00728
-1.4239999999999995,0.00522
-1.4139999999999997,0.0037
-1.404,0.0026
-1.3940000000000001,0.001812
-1.3840000000000003,0.001248
-1.3740000000000006,0.00085
-1.3640000000000008,0.000574
-1.354000000000001,0.000382
-1.3439999999999994,0.000252
-1.3339999999999996,0.000165
-1.3239999999999998,0.0001068
-1.314,6.84e-05
-1.3040000000000003,4.32e-05
-1.2940000000000005,2.72e-05
-1.2840000000000007,1.682e-05
-1.274000000000001,1.032e-05
-1.2639999999999993,6.26e-06
-1.2539999999999996,3.76e-06
-1.2439999999999998,2.24e-06
-1.234,1.318e-06
-1.2240000000000002,7.68e-07
-1.2140000000000004,4.42e-07
-1.2040000000000006,2.52e-07
-1.1940000000000008,1.42e-07
-1.1839999999999993,7.92e-08
-1.1739999999999995,4.38e-08
-1.1639999999999997,2.4e-08
-1.154,1.292e-08
-1.1440000000000001,6.92e-09
-1.1340000000000003,3.66e-09
-1.1240000000000006,1.916e-09
-1.1140000000000008,9.9e-10
-1.104000000000001,5.08e-10
-1.0939999999999994,2.58e-10
-1.0839999999999996,1.294e-10
-1.0739999999999998,6.26e-11
-1.064,3.08e-11
-1.0540000000000003,1.512e-11
-1.0440000000000005,7.36e-12
-1.0340000000000007,2.22e-12
-1.024000000000001,1.686e-13
-1.0139999999999993,1.732e-13
-1.0039999999999996,1.828e-13
-0.9939999999999998,1.97e-13
-0.984,2.16e-13
-0.9740000000000002,2.38e-13
-0.9640000000000004,2.64e-13
-0.9540000000000006,2.92e-13
-0.9440000000000008,3.24e-13
-0.9339999999999993,3.58e-13
-0.9239999999999995,3.92e-13
-0.9139999999999997,4.28e-13
-0.9039999999999999,4.64e-13
-0.8940000000000001,5e-13
-0.8840000000000003,5.36e-13
-0.8740000000000006,5.72e-13
-0.8640000000000008,6.08e-13
-0.854000000000001,6.46e-13
-0.8439999999999994,6.84e-13
-0.8339999999999996,7.26e-13
-0.8239999999999998,7.68e-13
-0.8140000000000001,8.16e-13
-0.8040000000000003,8.68e-13
-0.7940000000000005,9.24e-13
-0.7840000000000007,9.88e-13
-0.7740000000000009,1.058e-12
-0.7639999999999993,1.134e-12
-0.7539999999999996,1.216e-12
-0.7439999999999998,1.302e-12
-0.734,1.394e-12
-0.7240000000000002,1.486e-12
-0.7140000000000004,1.578e-12
-0.7040000000000006,1.67e-12
-0.6940000000000008,1.754e-12
-0.6839999999999993,1.832e-12
-0.6739999999999995,1.9e-12
-0.6639999999999997,1.956e-12
-0.6539999999999999,1.996e-12
-0.6440000000000001,2.02e-12
-0.6340000000000003,2.02e-12
-0.6240000000000006,2.02e-12
-0.6140000000000008,1.982e-12
-0.604000000000001,1.934e-12
-0.5939999999999994,1.868e-12
-0.5839999999999996,1.788e-12
-0.5739999999999998,1.694e-12
-0.5640000000000001,1.59e-12
-0.5540000000000003,1.478e-12
-0.5440000000000005,1.36e-12
-0.5340000000000007,1.24e-12
-0.5240000000000009,1.12e-12
-0.5139999999999993,1e-12
-0.5039999999999996,8.86e-13
-0.4939999999999998,7.76e-13
-0.484,6.74e-13
-0.4740000000000002,5.8e-13
-0.4640000000000004,4.94e-13
-0.4540000000000006,4.16e-13
-0.44400000000000084,3.48e-13
-0.4339999999999993,2.88e-13
-0.4239999999999995,2.36e-13
-0.4139999999999997,1.914e-13
-0.4039999999999999,1.538e-13
-0.39400000000000013,1.226e-13
-0.38400000000000034,9.66e-14
-0.37400000000000055,7.54e-14
-0.36400000000000077,5.84e-14
-0.354000000000001,4.48e-14
-0.3439999999999994,3.4e-14
-0.33399999999999963,2.56e-14
-0.32399999999999984,1.902e-14
-0.31400000000000006,1.404e-14
-0.30400000000000027,1.026e-14
-0.2940000000000005,7.42e-15
-0.2840000000000007,5.32e-15
-0.2740000000000009,3.78e-15
-0.26399999999999935,2.66e-15
-0.25399999999999956,1.846e-15
-0.24399999999999977,1.272e-15
-0.23399999999999999,8.68e-16
-0.2240000000000002,5.86e-16
-0.2140000000000004,3.92e-16
-0.20400000000000063,2.6e-16
-0.19400000000000084,1.706e-16
-0.18399999999999928,1.108e-16
-0.1739999999999995,7.12e-17
-0.1639999999999997,4.54e-17
-0.15399999999999991,2.86e-17
-0.14400000000000013,1.784e-17
-0.13400000000000034,1.102e-17
-0.12400000000000055,6.74e-18
-0.11400000000000077,4.08e-18
-0.10400000000000098,2.44e-18
-0.09399999999999942,1.45e-18
-0.08399999999999963,8.5e-19
-0.07399999999999984,6.36e-13
-0.06400000000000006,1.338e-12
-0.05400000000000027,2.78e-12
-0.04400000000000048,6.2e-12
-0.034000000000000696,1.264e-11
-0.02400000000000091,2.56e-11
-0.013999999999999346,5.12e-11
-0.0039999999999995595,1.012e-10
0.006000000000000227,1.978e-10
0.016000000000000014,3.84e-10
0.0259999999999998,7.34e-10
0.03599999999999959,1.392e-09
0.045999999999999375,2.62e-09
0.05599999999999916,4.84e-09
0.06600000000000072,8.9e-09
0.07600000000000051,1.616e-08
0.0860000000000003,2.9e-08
0.09600000000000009,5.16e-08
0.10599999999999987,9.08e-08
0.11599999999999966,1.58e-07
0.12599999999999945,2.72e-07
0.13599999999999923,4.64e-07
0.14599999999999902,7.82e-07
0.15600000000000058,1.302e-06
0.16600000000000037,2.14e-06
0.17600000000000016,3.52e-06
0.18599999999999994,5.68e-06
0.19599999999999973,9.06e-06
0.20599999999999952,1.434e-05
0.2159999999999993,2.24e-05
0.2259999999999991,3.48e-05
0.23600000000000065,5.34e-05
0.24600000000000044,8.08e-05
0.2560000000000002,0.0001214
0.266,0.0001804
0.2759999999999998,0.000266
0.2859999999999996,0.000386
0.2959999999999994,0.000556
0.30599999999999916,0.000792
0.3160000000000007,0.001116
0.3260000000000005,0.00156
0.3360000000000003,0.00216
0.3460000000000001,0.00296
0.35599999999999987,0.004
0.36599999999999966,0.00536
0.37599999999999945,0.00712
0.38599999999999923,0.00936
0.395999999999999,0.01218
0.4060000000000006,0.01572
0.41600000000000037,0.02
0.42600000000000016,0.0254
0.43599999999999994,0.0318
0.44599999999999973,0.0396
0.4559999999999995,0.0486
0.4659999999999993,0.0592
0.4759999999999991,0.0716
0.48600000000000065,0.0856
0.49600000000000044,0.1018
0.5060000000000002,0.1196
0.516,0.1396
0.5259999999999998,0.1614
0.5359999999999996,0.1852
0.5459999999999994,0.21
0.5559999999999992,0.238
0.5660000000000007,0.266
0.5760000000000005,0.296
0.5860000000000003,0.326
0.5960000000000001,0.356
0.6059999999999999,0.386
0.6159999999999997,0.416
0.6259999999999994,0.444
0.6359999999999992,0.47
0.645999999999999,0.494
0.6560000000000006,0.516
0.6660000000000004,0.534
0.6760000000000002,0.55
0.6859999999999999,0.562
0.6959999999999997,0.57
0.7059999999999995,0.572
0.7159999999999993,0.572
0.7259999999999991,0.57
0.7360000000000007,0.562
0.7460000000000004,0.554
0.7560000000000002,0.542
0.766,0.53
0.7759999999999998,0.518
0.7859999999999996,0.506
0.7959999999999994,0.498
0.8059999999999992,0.49
0.8160000000000007,0.488
0.8260000000000005,0.492
0.8360000000000003,0.5
0.8460000000000001,0.518
0.8559999999999999,0.542
0.8659999999999997,0.576
0.8759999999999994,0.618
0.8859999999999992,0.672
0.895999999999999,0.736
0.9060000000000006,0.81
0.9160000000000004,0.896
0.9260000000000002,0.99
0.9359999999999999,1.096
0.9459999999999997,1.21
0.9559999999999995,1.332
0.9659999999999993,1.462
0.9759999999999991,1.596
0.9860000000000007,1.734
0.9960000000000004,1.872
1.0060000000000002,2.02
1.016,2.14
1.0259999999999998,2.28
1.0359999999999996,2.4
1.0459999999999994,2.5
1.0559999999999992,2.6
1.0660000000000007,2.68
1.0760000000000005,2.74
1.0860000000000003,2.8
1.096,2.82
1.1059999999999999,2.84
1.1159999999999997,2.82
1.1259999999999994,2.8
1.1359999999999992,2.76
1.145999999999999,2.7
1.1560000000000006,2.62
1.1660000000000004,2.54
1.1760000000000002,2.44
1.186,2.32
1.1959999999999997,2.22
1.2059999999999995,2.1
1.2159999999999993,1.974
1.225999999999999,1.852
1.2360000000000007,1.728
1.2460000000000004,1.608
1.2560000000000002,1.49
1.266,1.378
1.2759999999999998,1.27
1.2859999999999996,1.168
1.2959999999999994,1.074
1.3059999999999992,0.99
1.3160000000000007,0.914
1.3260000000000005,0.848
1.3360000000000003,0.792
1.346,0.746
1.3559999999999999,0.712
1.3659999999999997,0.69
1.3759999999999994,0.68
1.3859999999999992,0.68
1.395999999999999,0.692
1.4060000000000006,0.714
1.4160000000000004,0.744
1.4260000000000002,0.786
1.436,0.834
1.4459999999999997,0.888
1.4559999999999995,0.948
1.4659999999999993,1.01
1.475999999999999,1.076
1.4860000000000007,1.142
1.4960000000000004,1.206
1.5060000000000002,1.266
1.516,1.324
1.5259999999999998,1.374
1.5359999999999996,1.418
1.5459999999999994,1.454
1.5559999999999992,1.48
1.5660000000000007,1.498
1.5760000000000005,1.504
1.5860000000000003,1.502
1.596,1.49
1.6059999999999999,1.468
1.6159999999999997,1.44
1.6259999999999994,1.406
1.6359999999999992,1.366
1.645999999999999,1.322
1.6560000000000006,1.274
1.6660000000000004,1.228
1.6760000000000002,1.18
1.686,1.136
1.6959999999999997,1.094
1.7059999999999995,1.056
1.7159999999999993,1.022
1.725999999999999,0.992
1.7360000000000007,0.968
1.7460000000000004,0.948
1.7560000000000002,0.932
1.766,0.92
1.7759999999999998,0.91
1.7859999999999996,0.902
1.7959999999999994,0.894
1.8059999999999992,0.888
1.8160000000000007,0.88
1.8260000000000005,0.868
1.8360000000000003,0.856
1.846,0.84
1.8559999999999999,0.82
1.8659999999999997,0.798
1.8759999999999994,0.77
1.8859999999999992,0.74
1.895999999999999,0.706
1.9060000000000006,0.67
1.9160000000000004,0.632
1.9260000000000002,0.592
1.936,0.55
1.9459999999999997,0.51
1.9559999999999995,0.468
1.9659999999999993,0.428
1.975999999999999,0.39
1.9860000000000007,0.352
1.9960000000000004,0.318
2.0060000000000002,0.286
2.016,0.256
2.026,0.228
2.0359999999999996,0.202
2.0459999999999994,0.1786
2.055999999999999,0.1574
2.0660000000000007,0.1384
2.0760000000000005,0.1214
2.0860000000000003,0.106
2.096,0.0922
2.106,0.0798
2.1159999999999997,0.0688
2.1259999999999994,0.059
2.1359999999999992,0.0504
2.145999999999999,0.0428
2.1560000000000006,0.036
2.1660000000000004,0.0302
2.176,0.025
2.186,0.0206
2.1959999999999997,0.01684
2.2059999999999995,0.01364
2.2159999999999993,0.01096
2.225999999999999,0.00872
2.2360000000000007,0.00688
2.2460000000000004,0.00538
2.2560000000000002,0.00418
2.266,0.00322
2.276,0.00244
2.2859999999999996,0.001852
2.2959999999999994,0.001392
2.305999999999999,0.001042
2.3160000000000007,0.000778
2.3260000000000005,0.00058
2.3360000000000003,0.000436
2.346,0.00033
2.356,0.000254
2.3659999999999997,0.0001994
2.3759999999999994,0.0001612
2.3859999999999992,0.0001342
2.395999999999999,0.0001152
2.4060000000000006,0.0001018
2.4160000000000004,9.24e-05
2.426,8.56e-05
2.436,8.08e-05
2.4459999999999997,7.76e-05
2.4559999999999995,7.54e-05
2.4659999999999993,7.44e-05
2.475999999999999,7.44e-05
2.4860000000000007,7.54e-05
2.4960000000000004,7.74e-05
2.5060000000000002,8.08e-05
2.516,8.5e-05
2.526,9.04e-05
2.5359999999999996,9.68e-05
2.5459999999999994,0.0001042
2.555999999999999,0.0001122
2.5660000000000007,0.0001206
2.5760000000000005,0.0001294
2.5860000000000003,0.0001382
2.596,0.0001466
2.606,0.0001544
2.6159999999999997,0.0001614
2.6259999999999994,0.0001672
2.6359999999999992,0.0001716
2.645999999999999,0.0001744
2.6560000000000006,0.0001754
2.6660000000000004,0.0001748
2.676,0.0001722
2.686,0.000168
2.6959999999999997,0.0001622
2.7059999999999995,0.0001548
2.7159999999999993,0.0001464
2.725999999999999,0.0001368
2.7360000000000007,0.0001266
2.7460000000000004,0.0001158
2.7560000000000002,0.0001048
2.766,9.38e-05
2.776,8.32e-05
2.7859999999999996,7.28e-05
2.7959999999999994,6.32e-05
2.805999999999999,5.42e-05
2.8160000000000007,4.6e-05
2.8260000000000005,3.86e-05
2.8360000000000003,3.2e-05
2.846,2.64e-05
2.856,2.14e-05
2.8659999999999997,1.72e-05
2.8759999999999994,1.368e-05
2.8859999999999992,1.076e-05
2.895999999999999,8.38e-06
2.9060000000000006,6.44e-06
2.9160000000000004,4.92e-06
2.926,3.7e-06
2.936,2.76e-06
2.9459999999999997,2.04e-06
2.9559999999999995,1.482e-06
2.9659999999999993,1.07e-06
2.975999999999999,7.64e-07
2.9860000000000007,5.4e-07
2.9960000000000004,3.76e-07
3.0060000000000002,2.6e-07
3.016,1.78e-07
3.026,1.204e-07
3.0359999999999996,8.06e-08
3.0459999999999994,5.32e-08
3.055999999999999,3.48e-08
3.0660000000000007,2.26e-08
3.0760000000000005,1.448e-08
