slab,mol,nset,xtheta,ytheta,ztheta,0
slab3,molA,nset1,-79.30373429862013,83.03476969693276,-105.36077247481738,394901.138194637
slab3,molA,nset2,171.02219441618848,-162.15500198344046,-170.46060513061826,394900.832624391
slab3,molA,nset3,-167.0073036649579,14.203502744724972,96.69628502198316,394901.076377124
slab3,molA,nset4,124.9034283239701,91.4924124154386,-84.70913578553217,394901.169736661
slab3,molA,nset5,21.794908666966478,59.53566311204585,-53.76573885208147,394901.097848749
slab3,molA,nset6,169.90693749357746,159.454403402676,58.49681079014934,394900.95735295
slab3,molA,nset7,-130.60453387880466,-12.041808646530484,-169.8735489118434,394900.833059124
slab3,molA,nset8,-112.15727012072826,-67.48303548998656,93.45883502952961,394900.730094497
slab3,molA,nset9,-126.78074711657467,-8.00678647913682,-7.3072013218121015,394900.821610968
slab3,molA,nset10,56.14515817229986,-134.7087991603816,-4.944457177766253,394901.148616324
slab3,molA,nset11,-83.0978061165863,137.55789278883816,104.07946794210147,394901.143561506
slab3,molA,nset12,-118.78944667238348,-64.42784357306802,-28.995204774575512,394901.041472262
slab3,molA,nset13,-26.388256591784938,-84.9456763670179,87.17606599964864,394901.17132038
slab3,molA,nset14,-108.06825812988005,11.520729551948534,16.59704157466973,394900.603009711
slab3,molA,nset15,-105.16038125309761,-108.49575037054069,164.81435522448857,394901.169538011
slab3,molA,nset16,73.00439981319039,-4.684703220629444,-152.38790244883575,394900.883593786
slab3,molA,nset17,31.117460532078013,148.5183887359625,-108.65537382417904,394901.077601181
slab3,molA,nset18,-150.89597302237036,66.48911562868636,60.47535268855421,394901.039408677
slab3,molA,nset19,78.87074080473371,-93.75808947556591,-54.23582880417004,394901.170251866
slab3,molA,nset20,147.62500278170643,57.64583063362721,-137.92682068180198,394901.042930238
slab3,molA,nset21,-145.89343254231613,-95.06760307907874,-66.68092782175836,394901.037487268
slab3,molA,nset22,42.005431181943464,3.955628647112974,93.91597940381689,394900.957869765
slab3,molA,nset23,96.12629467413103,28.074880010641664,172.7420562999206,394900.872639182
slab3,molA,nset24,109.58321724604417,-77.34579894145126,-46.49856439261566,394901.170328516
slab3,molA,nset25,-16.593310587869865,-33.89216344778083,-43.51709746142845,394901.098651519
slab3,molA,nset26,-41.74578913851221,80.2572848472459,10.377879943631342,394901.171857021
slab3,molA,nset27,15.682788015673253,-81.89784157451686,92.9037773901822,394901.170929323
slab3,molA,nset28,115.5178146151103,-157.9727191289185,86.76347662732633,394901.084515931
slab3,molA,nset29,-122.60799522520747,68.76579937665065,-59.57311871921685,394901.170242901
slab3,molA,nset30,27.158476244315892,-118.69779647582992,-80.1209094563869,394901.101166902
slab3,molA,nset31,-111.10218464088062,24.406401098093994,-13.5744425740277,394900.602155829
slab3,molA,nset32,-62.09771756245995,94.88350054363764,-6.762501616276893,394901.171627861
slab3,molA,nset33,116.4550935985917,-114.03545451686372,65.3852044018337,394901.101435965
slab3,molA,nset34,-104.29055774804408,-97.91442828758801,155.9466224602915,394901.172613136
slab3,molA,nset35,1.5954056123296994,133.41588458098693,-76.46563148727745,394901.037347246
slab3,molA,nset36,-14.451819419811358,109.30558016777496,-84.92758827650194,394901.099471809
slab3,molA,nset37,115.24919734999617,-125.61281915799088,34.34013502683095,394901.100336532
slab3,molA,nset38,48.63488589254035,-88.76230580742175,-19.99831030032871,394901.17078979
slab3,molA,nset39,-85.88240499022628,-79.07857747373814,-21.17830503790526,394901.099868294
slab3,molA,nset40,-161.83141325660628,153.98212517657163,77.7983348721225,394900.968526895
slab3,molA,nset41,-147.16559203675854,-143.32762206557632,177.30729676291514,394901.362403696
slab3,molA,nset42,-12.007330807074567,-162.64227206313748,-138.9362543198348,394900.952215271
slab3,molA,nset43,-20.790766547595837,-122.65274352062167,-15.688915467661417,394901.161858302
slab3,molA,nset44,-76.97692351290584,3.5320042377173024,2.412613620219304,394900.603023138
slab3,molA,nset45,-37.0676486075034,19.571728839598677,-81.27341709458153,394900.731345158
slab3,molA,nset46,158.22789287402423,-47.736881137520214,-45.225515314302385,394901.043622587
slab3,molA,nset47,1.8320403204139666,-48.513220482820344,-46.2076805506814,394901.3613383
slab3,molA,nset48,-56.453755419801766,164.2485815354712,-111.28643083262133,394900.937514247
slab3,molA,nset49,-117.02575529365281,2.5306891651064802,-145.2468306289241,394900.601523887
slab3,molA,nset50,-106.8915298774272,73.86333050084852,151.02040520312175,394901.098151746
slab3,molA,nset51,-30.60625286401438,17.386077616641956,-132.30926037968433,394900.957762949
slab3,molA,nset52,2.8430951026197135,162.99352683365294,-86.3578392524214,394901.077624937
slab3,molA,nset53,-78.05643542962929,-118.26661846265617,3.3135889252010884,394901.099664013
slab3,molA,nset54,32.71891544202646,-102.71609302237134,-59.943399594170685,394901.137437721
slab3,molA,nset55,135.43814812451643,-134.28866167282854,29.353954552048606,394901.100136696
slab3,molA,nset56,-58.7238062481146,89.0416665101065,-71.90570327553833,394901.138215314
slab3,molA,nset57,-116.28021449001702,-82.02859252784629,62.6295570756005,394901.099474656
slab3,molA,nset58,46.26793930169296,-87.54356184934258,22.503524309677744,394901.149883282
slab3,molA,nset59,-174.55973345072397,74.1817784159993,145.0660422545289,394901.100056204
slab3,molA,nset60,-147.59270160232177,-80.91165726445503,-41.64738932369826,394901.040373224
slab3,molA,nset61,45.387451547403,-143.52405187288528,-131.77986162268394,394900.730813222
slab3,molA,nset62,116.5527340147309,-87.40238539706299,93.77805482390562,394901.143965586
slab3,molA,nset63,83.41612938086729,161.9899398919191,-72.04787110562964,394900.750856549
slab3,molA,nset64,36.671190882841614,-98.73341382408557,80.56143784051295,394901.170187273
slab3,molA,nset65,144.75889243575813,-48.2541504388746,107.9650066130813,394901.144568078
slab3,molA,nset66,7.154810447365094,-82.97573819847601,-34.88611833911065,394901.138467307
slab3,molA,nset67,-32.16372170695047,-124.76574079324224,-89.23480662376907,394901.142764782
slab3,molA,nset68,20.504327997897434,-35.00351809041163,79.5645020587508,394901.170155513
slab3,molA,nset69,-65.15659760220615,106.5040899962288,-57.76872268295324,394901.13758912
slab3,molA,nset70,39.195719246911324,15.296160312491082,-37.495315468688005,394900.936720341
slab3,molA,nset71,-80.56098527544705,-104.86519723899224,171.71730812024947,394901.169711656
slab3,molA,nset72,-24.83035638191913,107.41568384612617,-153.0158313889205,394901.038215266
slab3,molA,nset73,144.0979897447794,104.3517837690863,-5.568482014583395,394901.040116256
slab3,molA,nset74,-49.72660568984216,146.88041562620953,-67.96392867765637,394901.360914827
slab3,molA,nset75,-157.2466514167213,-81.67718747981102,-109.17695491158281,394901.170805122
slab3,molA,nset76,98.95898933506686,115.78739258770224,56.568914305650964,394900.730511451
slab3,molA,nset77,-36.20722442467664,20.89602230204369,-112.98253940444147,394900.729902878
slab3,molA,nset78,-105.09847194887917,2.9445494203955604,90.22689644363805,394900.752362471
slab3,molA,nset79,146.9941995633369,155.61490679281536,-44.3297253209343,394900.674327328
slab3,molA,nset80,-46.23684882673908,162.55320029789578,-94.52487682394312,394900.96148051
slab3,molA,nset81,-106.97195002686745,172.17372621859397,-47.409296900913205,394900.909020623
slab3,molA,nset82,-92.5565030000116,-132.78108414141855,149.93537173303002,394901.045341825
slab3,molA,nset83,-24.725894049254862,-68.68266847138959,-108.56956310028822,394901.101289534
slab3,molA,nset84,-1.3003295666999293,-126.29358600888685,79.29889764823304,394901.042124839
slab3,molA,nset85,-13.106784740330113,-173.8322359863182,-37.72726522356922,394900.936675844
slab3,molA,nset86,5.269204190158689,121.74558811656249,1.4796490170714947,394901.137647227
slab3,molA,nset87,-127.44943190311365,-162.48937454453898,-170.66624881376055,394901.044884209
slab3,molA,nset88,53.51548251600667,37.7050735613868,-92.79345458654244,394901.143859209
slab3,molA,nset89,-124.5196320771278,-95.51604132496837,-49.38157695893844,394901.037803485
slab3,molA,nset90,-68.96867197943996,-122.89634230834211,99.09051287425405,394900.938112018
slab3,molA,nset91,-123.13040221194277,-155.5904145111286,8.71580167306044,394900.871987127
slab3,molA,nset92,72.38605452025911,-56.96150563186548,-154.61267596400575,394901.100298507
slab3,molA,nset93,130.22613337361497,-116.69711277524794,-27.165043378001286,394901.171338809
slab3,molA,nset94,44.575385510890385,-131.32842470150644,-101.73961194911894,394901.100717516
slab3,molA,nset95,38.1002748573182,39.97212897256287,-120.96861448357926,394900.961826612
slab3,molA,nset96,12.582105672561795,147.5374356163171,17.83252452110014,394900.833883688
slab3,molA,nset97,-76.37370372727814,-15.070925518998678,56.75402274453188,394900.732037425
slab3,molA,nset98,112.20655063444599,-78.39071050421558,-28.740806474296733,394901.169648472
slab3,molA,nset99,150.38936372633856,-12.890197299202441,82.44874613620476,394900.961016877
slab3,molA,nset100,-174.24947977953983,-174.35231347675276,-81.0495048009396,394901.169811396
slab3,molB,nset1,140.85040803931014,-139.9455778430542,75.77552701849737,430633.656097523
slab3,molB,nset2,73.49679808096528,50.67889999603088,-42.59461670415021,430633.658699668
slab3,molB,nset3,167.78077107190995,0.19990369463997126,8.399934048502843,430633.597078703
slab3,molB,nset4,148.7712230726599,97.83608677073795,-6.1846841450423256,430633.739036293
slab3,molB,nset5,-148.27381267128166,-143.71049831432242,97.49434891184836,430633.40854886
slab3,molB,nset6,-70.03912467129058,-162.50310366066017,6.614186811599836,430633.481030864
slab3,molB,nset7,-133.41376488922822,54.01203382581886,67.0286004127401,430633.754833112
slab3,molB,nset8,-127.87264847027794,92.55580930081521,-172.8165760407015,430633.734687859
slab3,molB,nset9,-164.53397491443306,-27.43812676627914,72.96303207446124,430633.912647317
slab3,molB,nset10,-137.58180319326195,72.72169813081351,-30.789275992493486,430633.732756553
slab3,molB,nset11,-148.3757135857144,52.30954736815616,-176.63568545495306,430633.994177405
slab3,molB,nset12,70.43312155230012,-11.937385844647764,-65.93708549823093,430633.450559476
slab3,molB,nset13,68.85723345983143,6.29869416336561,-86.40654328081877,430633.851427289
slab3,molB,nset14,-166.85006902143616,-32.47199823214655,57.80585176738785,430634.016273311
slab3,molB,nset15,-179.2555181729074,160.32186262747013,-87.72817455854684,430634.136480905
slab3,molB,nset16,-3.8170982800205877,124.22032191868283,178.51353644222235,430633.916190138
slab3,molB,nset17,33.036469577151536,-135.96602197345806,146.79720391235116,430634.065451917
slab3,molB,nset18,-76.46723781818558,-75.04680347159062,12.451472762454415,430633.83223853
slab3,molB,nset19,-108.92366414463476,-63.87139861662692,65.86604922643477,430633.930188596
slab3,molB,nset20,-23.18577620213634,-151.13995368333616,151.56140067910837,430634.067479822
slab3,molB,nset21,-128.3939966796757,4.35237167838892,-145.90390437355282,430633.444447399
slab3,molB,nset22,-43.205501839120984,-127.47356610583901,112.50856232546471,430634.00565613
slab3,molB,nset23,105.99246856037206,62.338885432472324,52.122405772561876,430633.881966584
slab3,molB,nset24,123.47399242010283,66.77253152054072,125.62871775169009,430633.659308631
slab3,molB,nset25,-138.25440149671226,-144.69469140950343,107.24412128282887,430633.74684447
slab3,molB,nset26,88.55090353342797,-56.62745569953806,-108.2497723478614,430633.915655462
slab3,molB,nset27,119.85637388857037,155.68134160014455,-21.145317880785598,430633.449413332
slab3,molB,nset28,125.70013893675218,23.181801576426665,146.0417064438313,430633.790836564
slab3,molB,nset29,-93.52451724015769,-35.482083268472365,-130.45591649085088,430633.731274122
slab3,molB,nset30,-72.82691847120849,-80.46276575218153,-10.49667289810094,430633.831902832
slab3,molB,nset31,-54.88949417255931,98.45483916436285,-169.97443685725057,430633.657613385
slab3,molB,nset32,81.7406546871025,2.125664923506264,-152.31096063814172,430633.853691731
slab3,molB,nset33,40.46727338329555,173.4122264936222,79.48841947581218,430633.347517116
slab3,molB,nset34,-23.008381314870803,-49.31819779780727,134.88959517720986,430633.886121226
slab3,molB,nset35,-97.4561110423895,-126.46635243962785,-123.17519281106982,430633.887228426
slab3,molB,nset36,-116.27634127190589,-30.81566887532884,2.361343206752906,430633.740614244
slab3,molB,nset37,146.05893638568608,25.621757682221556,80.73673627716067,430634.067839736
slab3,molB,nset38,-42.367712103630595,-62.54424902968874,-174.23001400911846,430633.819057334
slab3,molB,nset39,78.14179274418848,136.03726628734012,83.66511893708986,430633.658455776
slab3,molB,nset40,-97.73154199635805,107.91847216645368,-163.6531002068655,430633.649711069
slab3,molB,nset41,-15.602070169898383,-164.34208010151625,147.5599213336423,430633.992795744
slab3,molB,nset42,32.17504093175117,16.256220996991203,7.4221304658612155,430634.184277632
slab3,molB,nset43,103.77327742905902,-40.345355554962765,-49.57157475513918,430633.417763541
slab3,molB,nset44,123.46538726132917,-39.312451231660276,-120.53477544411935,430633.918089333
slab3,molB,nset45,67.85177059411811,90.86985096148811,-120.02891006411271,430633.756957492
slab3,molB,nset46,150.47669908787066,-143.94782345282528,91.5930158659724,430633.741469251
slab3,molB,nset47,-86.06270188146057,-87.4730042952834,-164.51934001428162,430633.657308188
slab3,molB,nset48,9.650525070633194,-104.75123990349694,-105.18560756510159,430633.732209084
slab3,molB,nset49,147.57731678157154,-169.60267592280758,33.79299812609017,430634.032230009
slab3,molB,nset50,21.258024642170483,-35.05192136635921,52.47943619367095,430633.651286894
slab3,molB,nset51,-167.13742290073358,-122.90175616692844,-130.40996317643334,430633.638794827
slab3,molB,nset52,56.63028059041656,-106.20615859948887,-84.01277415073922,430633.914184585
slab3,molB,nset53,134.2261325225595,-151.94243615559287,26.49873643015019,430633.659268458
slab3,molB,nset54,-13.92889703824585,118.41749982693005,129.20226375172507,430633.912618593
slab3,molB,nset55,94.02685684504115,109.87436091096811,108.52497014043848,430633.970885381
slab3,molB,nset56,7.932180117769775,103.62608283653333,103.06434658117206,430633.731805063
slab3,molB,nset57,158.83405058792073,-17.16986601249596,-159.29617775268406,430634.021295397
slab3,molB,nset58,-10.745621003593072,-83.67184790269847,-155.9507348516397,430633.65677537
slab3,molB,nset59,154.50343439438456,-47.580640115923984,137.50325330812439,430633.327123926
slab3,molB,nset60,-73.65509646887125,-179.84419605168222,99.89001755570752,430633.438162868
slab3,molB,nset61,-7.088085065705798,100.61528999288748,-49.66923854363455,430633.734829698
slab3,molB,nset62,-96.70191566108724,-120.26076724841995,-46.0391614359427,430633.903265028
slab3,molB,nset63,89.89096700366645,-57.71407432647506,-105.09910444153782,430633.755755116
slab3,molB,nset64,142.44910046795837,93.62472942007793,-151.78042342348897,430633.732106071
slab3,molB,nset65,-146.34223063583104,-145.9749010400642,59.71477275290158,430633.568634325
slab3,molB,nset66,21.976304248326613,-44.00148896499567,-2.4638160529936215,430633.744496664
slab3,molB,nset67,-83.05911658563515,129.52623312133392,-97.86568505028035,430633.877178663
slab3,molB,nset68,-155.23920419388514,59.100634286517305,26.709129685909772,430633.915332428
slab3,molB,nset69,-159.983801840387,59.70673371729282,-128.2811400548518,430633.971092121
slab3,molB,nset70,-12.013258924613126,-61.666809181295875,-162.03198790193036,430633.820023482
slab3,molB,nset71,-97.39350962944744,-115.24832255763813,-27.765831235656094,430633.901762294
slab3,molB,nset72,-124.12213506772417,-176.31416382535886,171.79707386410905,430633.449213895
slab3,molB,nset73,161.33670191043177,-156.32865474536516,87.89842491456636,430634.13612206
slab3,molB,nset74,-92.58973418989206,168.4658975711505,68.42013035582326,430633.483473684
slab3,molB,nset75,-66.77437532772062,57.11968953880907,-95.11061400879152,430633.74932781
slab3,molB,nset76,36.19569490234551,37.7518373429688,-83.0642205902581,430633.658906099
slab3,molB,nset77,60.140528731280114,151.2084241211769,-33.175416448849205,430633.448945456
slab3,molB,nset78,-107.08706554142759,-65.4846076014581,157.2913025881681,430634.047723645
slab3,molB,nset79,-9.447907139466196,-177.09378006441784,-102.20379266249073,430633.777666814
slab3,molB,nset80,94.2356482629911,-150.37993961718206,83.44456618356384,430633.732346316
slab3,molB,nset81,143.40772815332673,151.0091709912457,125.62721922009916,430633.360044309
slab3,molB,nset82,-93.78905773710682,144.25413356133248,-160.30059056704894,430633.831175152
slab3,molB,nset83,9.794920832252274,-178.86826397386545,93.00988275430058,430633.347716626
slab3,molB,nset84,166.89197395839443,144.03934211583197,27.6719136461098,430633.651674436
slab3,molB,nset85,-27.12161679266427,-145.64506404182208,142.86311175037912,430634.068279655
slab3,molB,nset86,-92.72709525699025,98.60706022365866,179.78835915247834,430633.658002411
slab3,molB,nset87,-82.20308929931547,-102.04323647780578,43.526476595480005,430633.914905006
slab3,molB,nset88,77.24327016893403,-112.35634421519296,166.93313677887556,430633.740838252
slab3,molB,nset89,86.50195018744387,173.95631875459105,-65.86129884444372,430633.19064097
slab3,molB,nset90,1.0546564301052115,-147.12551657307253,0.8123801455138278,430634.020712756
slab3,molB,nset91,-67.21796492046916,83.00609742786156,115.15599270461786,430633.755082778
slab3,molB,nset92,145.8730966459185,-6.9987657231588685,-103.80307053872848,430633.441104731
slab3,molB,nset93,52.500610615616125,15.990926224593892,143.55817605878195,430633.738468502
slab3,molB,nset94,107.06656558632784,77.76618055121236,161.71870372502593,430633.831674798
slab3,molB,nset95,121.4882824920171,175.17662204394594,44.68340538602604,430633.463010621
slab3,molB,nset96,134.9697299971604,89.72501034495883,110.22084661809424,430633.734451881
slab3,molB,nset97,-162.11687892550685,-58.937710251252824,47.44645055670651,430633.971052737
slab3,molB,nset98,119.51042853850623,-107.06693954120033,-152.92907629761666,430633.894409566
slab3,molB,nset99,165.14461957884208,97.37204968767685,-123.00278449954226,430633.731218306
slab3,molB,nset100,-171.6670213625305,-166.1777625520392,-145.54835664811284,430633.463204188
slab3,molC,nset1,108.07071335855096,73.78058559418443,-57.6622283144454,416275.646564433
slab3,molC,nset2,178.65629459576616,-150.1939715326655,16.2124375667471,416275.810337294
slab3,molC,nset3,112.84280408841119,111.18823157972776,-42.0260236387133,416275.7075203
slab3,molC,nset4,-61.930609546993324,-116.0274114377093,-61.19096034435766,416275.548583897
slab3,molC,nset5,-164.41739622476058,-173.05590059067214,-29.917104741391398,416275.793253901
slab3,molC,nset6,-3.8615627745764414,23.033028628780926,-8.608470008288634,416275.736470307
slab3,molC,nset7,144.81675614976183,99.71152794316566,26.744309094290514,416275.590740593
slab3,molC,nset8,-70.43072397022718,-136.81373180692356,97.81304011112331,416275.902011353
slab3,molC,nset9,165.4125812058645,-54.73527750354884,159.58861166351693,416275.693525101
slab3,molC,nset10,-78.29433283316108,-130.46594897569997,-131.75150813871437,416275.699357129
slab3,molC,nset11,96.05207625292957,-151.58197151710684,88.55752216546756,416275.833111173
slab3,molC,nset12,132.0056318635185,-60.55251009955796,33.418464508713754,416275.700698458
slab3,molC,nset13,-115.19207766128278,114.67048208688578,156.4625879738046,416275.928037112
slab3,molC,nset14,111.24704280809073,43.5264600850052,-177.43064745569765,416275.589860952
slab3,molC,nset15,110.94626273721502,-103.14447283948462,87.6609649455753,416275.931050918
slab3,molC,nset16,62.65658636870435,67.23290179226666,61.36727507837156,416275.717155433
slab3,molC,nset17,125.34110182436018,-177.96736519583507,41.851036796711554,416275.960694273
slab3,molC,nset18,-179.2269245898738,89.49153322692348,-41.223875605538325,416275.67403687
slab3,molC,nset19,-129.75043642701667,40.82093330564405,-33.346018718680824,416275.815955021
slab3,molC,nset20,105.38226884307107,-107.06208323198153,-57.942665840677094,416275.827659731
slab3,molC,nset21,130.50510060319772,166.58488897672413,36.74414568495618,416276.030269154
slab3,molC,nset22,109.43085901902128,-36.11293492146157,71.10020344552214,416276.132516735
slab3,molC,nset23,152.03643160896064,146.94418080566788,-73.70089473350298,416275.914106172
slab3,molC,nset24,70.93139186649171,114.82615877230967,5.909194215984968,416275.896035577
slab3,molC,nset25,49.9102516558813,154.23174166148237,2.2295761731415666,416275.899245918
slab3,molC,nset26,133.87100520430113,90.69959711994511,-87.1608318452814,416275.674937112
slab3,molC,nset27,-168.517270073729,-149.6984346795827,-19.839446562347177,416275.794027491
slab3,molC,nset28,-39.96003544786737,-108.29428492487556,1.1753344310702687,416275.489095851
slab3,molC,nset29,27.5531124446984,-72.0728705579302,-106.96898843901701,416275.778589552
slab3,molC,nset30,90.53540721857627,51.13193866855579,-53.72990272324466,416275.589494175
slab3,molC,nset31,141.40410370336588,-88.77727316635033,7.321470159581821,416275.379999833
slab3,molC,nset32,99.74815746896013,113.49046203014177,-164.93653600039895,416275.673958608
slab3,molC,nset33,-75.46705324616659,79.18204518350507,-44.64576021452916,416275.623366962
slab3,molC,nset34,-138.15289390554904,-10.468531539595205,-72.98286290648869,416275.477561233
slab3,molC,nset35,-121.78158792459969,122.34166276515026,-123.8225864316183,416275.717346966
slab3,molC,nset36,-165.14552151133617,-141.3401028906813,-179.84906786949966,416275.916346923
slab3,molC,nset37,-42.8206433730019,-61.2947460636108,-26.946059552358236,416275.778202042
slab3,molC,nset38,-64.30712862322353,-91.05196309385603,17.291907548887735,416275.778367704
slab3,molC,nset39,-44.324436659751285,2.360631331389726,-132.09188771965663,416275.961487301
slab3,molC,nset40,-132.0355207116689,23.493286369542744,-85.03619853917507,416275.479792448
slab3,molC,nset41,176.28899717535137,158.6668274645013,-154.19968067519835,416275.62136063
slab3,molC,nset42,-172.63654818112997,168.17582984129098,148.10707403115617,416275.738126544
slab3,molC,nset43,163.76599265959447,115.85344427379323,-170.31389835177637,416275.622401566
slab3,molC,nset44,-108.62470287674536,-73.45873383254043,-11.456635868140523,416275.527250848
slab3,molC,nset45,37.949128827538914,-24.213108603917647,58.48417077396829,416275.919930852
slab3,molC,nset46,166.90730037995428,60.215283301585316,83.52387934870586,416275.927338479
slab3,molC,nset47,35.15256838254078,-123.73631063444668,-57.47275584613685,416275.491233053
slab3,molC,nset48,167.3000077656215,4.056172931361516,149.73312436797409,416275.693921062
slab3,molC,nset49,113.28820309490976,-58.3629060129458,65.7771234548544,416275.761388671
slab3,molC,nset50,-88.84975671697286,-160.353949889353,101.14103552452605,416276.178618886
slab3,molC,nset51,48.93335556503138,6.35271783407336,-45.39413014167053,416275.602860095
slab3,molC,nset52,-118.06972970877075,87.44627014445405,-69.63840220147733,416275.65860928
slab3,molC,nset53,101.14650903562233,-61.133269272164654,-57.03930690868472,416275.901280164
slab3,molC,nset54,-146.86403529492725,99.90955091344097,107.78271752243535,416275.925903029
slab3,molC,nset55,34.96656562422476,91.74094702127371,-144.72400929178838,416275.727746436
slab3,molC,nset56,171.59271562511753,1.3851194682286803,-116.75308443475527,416275.365835291
slab3,molC,nset57,24.479207992926888,-30.51667942593926,59.86005781222184,416275.920463378
slab3,molC,nset58,-51.69566736498484,88.71123466233325,-89.08883164935348,416275.735720404
slab3,molC,nset59,151.43002069033815,-15.72075887434903,-38.02973073796815,416275.384107642
slab3,molC,nset60,123.22314460148988,112.73268862379916,-41.2140357712895,416275.705891524
slab3,molC,nset61,-48.17502614068289,36.232360381225334,-29.69470397031,416275.86641757
slab3,molC,nset62,-41.916232135568094,86.95937385879068,-127.96921277870021,416275.926497698
slab3,molC,nset63,-161.28425414553774,155.87003186097655,-0.5000942075758701,416275.677254127
slab3,molC,nset64,169.58352260562162,-168.41943404486074,13.184436319822993,416275.809823413
slab3,molC,nset65,107.23720008563441,114.08059166190549,-159.88172673538315,416275.673880966
slab3,molC,nset66,-168.73601315046335,13.80084918246115,-60.72612725402794,416275.382435388
slab3,molC,nset67,29.794440047670633,-54.20749098326948,-111.80834941868038,416275.778665937
slab3,molC,nset68,-45.75414361439303,-116.80117500298466,111.55416736931096,416275.918635714
slab3,molC,nset69,-129.0786330128689,15.208854060465626,-148.97064190447364,416275.971723573
slab3,molC,nset70,-154.5281238315796,43.34651852374057,-121.77171656316763,416275.86876822
slab3,molC,nset71,-87.71753265652376,142.16000505722786,-140.33634416754816,416275.711528229
slab3,molC,nset72,147.04974651456814,-7.506120020411345,-62.531787775760364,416275.381359148
slab3,molC,nset73,92.45485273434002,25.154339705693985,-63.84117522891698,416275.589639938
slab3,molC,nset74,-43.06849007298129,95.38886106148186,142.42809179850008,416275.72827108
slab3,molC,nset75,-24.42436733308014,-7.187787737948042,-127.06915493802053,416275.89711252
slab3,molC,nset76,154.87209103935663,-41.22676698689162,22.732695790086467,416275.761757177
slab3,molC,nset77,-101.68683821310934,4.9461338279269285,46.25046674718877,416275.909243948
slab3,molC,nset78,-160.2019495223853,74.4715412602977,-139.3163481952384,416275.869492939
slab3,molC,nset79,-44.96946356596493,-100.3619658296282,128.8739904626879,416275.918473722
slab3,molC,nset80,129.57495203191542,127.01987112723907,154.18879994271117,416275.958580036
slab3,molC,nset81,49.995841215000894,-67.21780392512825,164.80499040663182,416275.841160615
slab3,molC,nset82,-40.82935844469526,3.9180445870643723,-166.21001111708088,416275.896339741
slab3,molC,nset83,-46.99799896088052,-35.02861621817442,161.64490678446612,416275.778367359
slab3,molC,nset84,141.9215157356037,143.72984932331906,-88.10393792800758,416275.913294939
slab3,molC,nset85,-149.92884725611881,-84.01314556652957,117.5877676681493,416275.490178257
slab3,molC,nset86,-166.12392009443977,-88.45948742112236,76.25179840203418,416275.526495695
slab3,molC,nset87,161.54049164922162,-113.72341253095725,-179.49900458356308,416275.858997465
slab3,molC,nset88,75.53522107993248,-4.907701523601617,-82.42655593895608,416276.179485253
slab3,molC,nset89,-36.87419746758357,85.99204948292805,13.501985192055827,416275.731883698
slab3,molC,nset90,-93.33453278475669,-66.19085112635021,91.57792886028227,416275.82626765
slab3,molC,nset91,32.5594288786111,-169.83295541324637,55.936100546172895,416275.627346912
slab3,molC,nset92,129.18589715586296,15.54302444850353,119.0111563314286,416275.488285827
slab3,molC,nset93,157.6933368474867,173.66856158157793,-128.8353592961647,416275.78265876
slab3,molC,nset94,73.70759069144566,-107.40199907270262,21.142741274085722,416275.368536617
slab3,molC,nset95,50.8152236147622,7.034149235124545,-95.50964692141864,416275.843067688
slab3,molC,nset96,68.40364098141484,-176.74750207147403,-171.5902967853635,416275.854324958
slab3,molC,nset97,-131.9060521395862,-123.33005617585968,50.70960432424894,416275.778113288
slab3,molC,nset98,49.35270749337349,106.5961181551603,61.39256113080822,416275.966095942
slab3,molC,nset99,-160.02227550645796,39.54924097995078,126.86482573424485,416275.843388585
slab3,molC,nset100,72.20984573095004,-76.94664432848965,-177.81672257716002,416275.528585647
slab2,molA,nset1,14.5945297927112,156.90304721339834,137.57308084349972,289261.053074298
slab2,molA,nset2,-161.65200388357877,-158.02884902730005,39.70531643869552,289260.977687531
slab2,molA,nset3,-104.9211818183213,-43.45395112408562,175.83125869946997,289260.944659774
slab2,molA,nset4,165.24362899453786,-12.308777658956274,-154.47034609218625,289260.805641963
slab2,molA,nset5,-171.18918903263906,-171.72693110800697,-113.18632401873666,289260.966985867
slab2,molA,nset6,-43.36184089525511,128.4767775490829,52.44064672855416,289261.072823743
slab2,molA,nset7,-83.21925649033615,66.52113874029484,-74.98469192627634,289260.630592059
slab2,molA,nset8,99.40984473927216,-23.955944222401,92.71467020532873,289260.841362164
slab2,molA,nset9,-13.194179330432661,137.71318198723867,27.110127848839767,289260.628633646
slab2,molA,nset10,-140.4898762542786,-95.04837591257217,77.8913105726474,289261.010006117
slab2,molA,nset11,148.4673330604279,-25.297083937282025,-132.01090775955265,289260.820925335
slab2,molA,nset12,-43.26737898912461,119.57907980670734,63.53355597591985,289261.071965313
slab2,molA,nset13,-149.03080025061337,172.00945829803857,118.35409022036634,289260.872815246
slab2,molA,nset14,24.032182749650985,-134.94746180961684,83.73323244398239,289261.072548512
slab2,molA,nset15,-52.56120037163302,159.52603239198976,-104.19163806850416,289261.06189848
slab2,molA,nset16,91.52269137868404,-117.58957738730209,90.57500869799088,289260.99032751
slab2,molA,nset17,-76.64933551436184,130.6158032203931,118.89541337585621,289260.940036511
slab2,molA,nset18,-113.97725550278173,-177.5427412986609,-114.29108524135285,289260.822576856
slab2,molA,nset19,42.682816903149956,35.48905661228474,-68.49048488484125,289261.042456516
slab2,molA,nset20,55.23228349812365,-59.67254168820121,40.991277057179445,289261.07207592
slab2,molA,nset21,-45.17881661844211,157.2903656148718,-18.90835173623296,289261.262557252
slab2,molA,nset22,63.583390852535814,-168.4855503033557,-44.55234845144699,289260.803864483
slab2,molA,nset23,127.42036511160427,103.80193884029859,39.221034963366805,289261.002205282
slab2,molA,nset24,143.00644851392582,-51.59901660892271,143.72843742460935,289261.00130064
slab2,molA,nset25,110.99092814052631,-72.90685590060767,-160.7757142919904,289260.628344707
slab2,molA,nset26,137.1512111130266,-122.33942842942636,-170.51858920492668,289261.001416235
slab2,molA,nset27,-65.9721150620838,158.09117938108392,116.10747984900155,289260.746543137
slab2,molA,nset28,-114.38278826424282,93.2964495597339,74.77812669516624,289260.938806037
slab2,molA,nset29,-162.20285922221592,109.211036545392,70.04545252709988,289261.003454036
slab2,molA,nset30,-29.106832080808317,112.48282621039357,-68.21235552283468,289261.040572131
slab2,molA,nset31,-50.98902805526353,6.502825099879601,-28.333885511232182,289260.660581435
slab2,molA,nset32,69.24435953130484,51.57960193592177,64.00640504332085,289260.945161998
slab2,molA,nset33,-132.55378697953805,120.33313762813475,2.706104547698118,289260.832592697
slab2,molA,nset34,15.952610996566676,-137.58150197253423,158.30024750528156,289261.072676828
slab2,molA,nset35,81.07478236478966,-50.31358978852552,150.40908926721386,289261.000952289
slab2,molA,nset36,146.0568224439644,-150.0781921212122,-149.7385880782598,289260.734249591
slab2,molA,nset37,-61.413947099221176,-121.63020948131404,0.2984467061392593,289261.065722917
slab2,molA,nset38,-67.44687067347672,38.53608042390903,-178.90889436613043,289261.002910063
slab2,molA,nset39,-72.60871621933485,27.909256814966596,47.55719923261029,289260.795738038
slab2,molA,nset40,-3.554070743543832,-70.61720142813328,-57.625681568776315,289260.734445706
slab2,molA,nset41,-101.47360559505532,-139.06086093361387,-29.30700301316483,289261.001814876
slab2,molA,nset42,38.9524490535492,-139.09586355955787,-164.46854119184007,289261.002726502
slab2,molA,nset43,-87.6499649963558,-150.33306896593598,-160.8447366340929,289260.908518081
slab2,molA,nset44,-26.95065911841283,-146.71317262825175,-121.32140838085809,289260.835212175
slab2,molA,nset45,-152.67431169077454,5.814831432508214,-163.16669518253468,289260.99525772
slab2,molA,nset46,142.67079393748537,-76.8659630022115,117.64157012020604,289261.00159215
slab2,molA,nset47,111.65164214179026,3.6703534986221484,99.96556653249928,289260.894295949
slab2,molA,nset48,-99.56819360547898,148.09199280044794,-174.80505952060673,289261.066508551
slab2,molA,nset49,7.505569542553928,53.22007483773095,-17.19397739991018,289261.065095919
slab2,molA,nset50,44.89884233011719,-100.71976034615024,-104.3587897085289,289261.001677519
slab2,molA,nset51,92.20032407595312,-70.09378956941433,15.174616775384209,289260.945412189
slab2,molA,nset52,102.91830410606292,-138.5394009567044,58.57353686881538,289260.795372061
slab2,molA,nset53,-90.50839537769707,76.52120067644984,-96.39651629369592,289260.629986598
slab2,molA,nset54,-38.290334854064525,96.69326960479526,130.85244805256104,289261.002457904
slab2,molA,nset55,117.19385251210417,100.61212419656852,-14.499034820684585,289260.939385394
slab2,molA,nset56,152.9047370622473,-150.9158992502787,87.95523011713664,289260.941009853
slab2,molA,nset57,-167.739002348462,64.44817236467748,83.68609626984693,289260.94106842
slab2,molA,nset58,-90.00187846416974,-142.20226180120162,135.87629667411125,289261.075073582
slab2,molA,nset59,-161.0750379398909,90.65636856491034,9.12108772542041,289260.94021546
slab2,molA,nset60,-63.40469569501698,14.419436183786274,-23.88901372099764,289260.724519242
slab2,molA,nset61,-94.6686226270831,37.33490779729115,92.60663166833695,289260.989186696
slab2,molA,nset62,-134.98589102908772,-132.13676100762578,133.6891740771366,289261.262398176
slab2,molA,nset63,179.6417261465662,-13.994567924850912,126.1380696504387,289260.842089345
slab2,molA,nset64,-69.17678380921208,50.740913993696154,-88.16195953525084,289260.628832871
slab2,molA,nset65,-2.721808629321856,32.100677334610396,129.1657911151292,289260.887334655
slab2,molA,nset66,-176.85473623443627,-161.50260894529595,-37.10485208421753,289260.773275808
slab2,molA,nset67,-15.692866091005783,101.02331761217084,-135.71632172007966,289260.939089959
slab2,molA,nset68,-53.25911142398199,99.88573143285606,112.96497611724158,289260.939533367
slab2,molA,nset69,-12.832023256414658,-168.5874848353391,-9.280266759057497,289260.85686096
slab2,molA,nset70,-61.64375210316307,-108.9336914171125,-45.14158956987117,289261.001340957
slab2,molA,nset71,-24.874073636624644,-32.00541021925807,138.36114931973543,289261.053203468
slab2,molA,nset72,179.96758347199926,-122.08280490369691,126.53967386394777,289261.010196152
slab2,molA,nset73,134.0196359431191,-3.249705963233282,-173.16042581595852,289260.855025732
slab2,molA,nset74,-176.5776686362288,65.58118568069864,41.560608213423365,289260.940091624
slab2,molA,nset75,35.23389109422604,6.657158185904336,-4.73281024770057,289260.855737404
slab2,molA,nset76,124.49116034511394,120.55681314886903,124.59918141816445,289260.628496342
slab2,molA,nset77,-171.13890545445508,131.34815071154162,-32.17631153589457,289260.887775748
slab2,molA,nset78,-8.18024471851453,129.02592783374428,-34.905768935461964,289261.001249757
slab2,molA,nset79,13.049679054325196,126.45187576756189,159.440422916305,289261.000649552
slab2,molA,nset80,-88.0527895833349,-99.9373251941482,108.95212976637282,289260.948270251
slab2,molA,nset81,6.0043148988251005,53.599605489213275,-117.23111222624424,289260.939608235
slab2,molA,nset82,-65.97623974220117,-162.19740023835237,-50.27507491208772,289260.869289844
slab2,molA,nset83,174.98310201713628,105.77608717759676,-5.346451180379233,289260.939275563
slab2,molA,nset84,-121.55522258696882,165.20206269484055,87.49780578575337,289260.89218372
slab2,molA,nset85,113.90446301094295,-91.5147785672325,-107.74634428889986,289260.943956284
slab2,molA,nset86,-67.73688511412962,43.92345019672143,53.974219230955214,289260.794926722
slab2,molA,nset87,6.576316660910635,5.3287419947722015,18.961281609060336,289260.734196148
slab2,molA,nset88,-30.866426112085264,77.35116202039455,11.204713985435262,289260.944208826
slab2,molA,nset89,45.81936544683296,-155.8881749174837,83.09256010133333,289260.815936728
slab2,molA,nset90,23.618778853662377,14.411550531687993,33.48780086803751,289260.820518649
slab2,molA,nset91,68.89989716365866,-98.26464774834066,-154.1659055880074,289261.000978435
slab2,molA,nset92,113.56567048352122,-20.144266387274428,-173.53257241991417,289260.863410938
slab2,molA,nset93,67.54267816582424,-100.6450915791294,92.00045214820369,289261.003808056
slab2,molA,nset94,95.99475642877877,-36.98236722969739,-11.221201754921225,289260.810879827
slab2,molA,nset95,-60.13025543126902,-47.597136711559585,-57.09603894783622,289260.733981885
slab2,molA,nset96,120.93659182919657,-1.4966546751727492,-31.27167979056921,289260.746128312
slab2,molA,nset97,120.32075875526766,173.82631516580057,-111.39186723241029,289260.629008641
slab2,molA,nset98,-71.98553235456795,-47.87650096966641,-171.36807517462117,289261.052805036
slab2,molA,nset99,156.22965744775297,-45.6458250563239,-32.20159213316222,289260.886598897
slab2,molA,nset100,-52.47516444991369,-17.80828871547436,-97.52074917581677,289260.819250073
slab2,molB,nset1,79.52750429102304,-138.3139466970684,-78.98283863748458,324993.816492086
slab2,molB,nset2,-61.722400617220956,121.91857089826658,-141.55410987423585,324993.554012835
slab2,molB,nset3,-134.52513099225413,165.31670429295974,-167.27757642844472,324993.936307499
slab2,molB,nset4,5.016468542553952,155.31886161284604,-127.62279424153884,324993.923378836
slab2,molB,nset5,89.48276714500827,27.28236504765053,-106.33300040064444,324993.749612655
slab2,molB,nset6,-12.373081467820015,51.406784216654245,121.37165827622658,324993.47654898
slab2,molB,nset7,4.203169670600175,70.36021258319767,-71.31355097865818,324993.557658104
slab2,molB,nset8,-37.009879676878995,-151.37553679290673,-179.66790654505712,324993.896253961
slab2,molB,nset9,139.22217167199216,77.14027022854629,-174.84194315697113,324993.79532711
slab2,molB,nset10,9.378176988142457,134.79198381145392,127.81674037117006,324993.818999235
slab2,molB,nset11,-100.41014466553656,-103.57665786259821,-106.61393321179932,324993.559027206
slab2,molB,nset12,-71.44487950060844,34.96003518546084,-81.49877397514159,324993.240355427
slab2,molB,nset13,34.154053413225256,5.489428856341306,74.45270709490097,324993.255559463
slab2,molB,nset14,-27.872018904423896,147.50603840561973,141.17787675632127,324993.815151696
slab2,molB,nset15,-157.6974122222882,-171.1888990008691,177.3389437532776,324993.355331578
slab2,molB,nset16,105.31462484997252,-123.31034078643248,139.78581983065743,324993.694806628
slab2,molB,nset17,90.33235821794557,179.2548860980176,144.23930275360226,324993.228988907
slab2,molB,nset18,121.70294230038132,-106.98615627707768,-53.79833243278371,324993.556981162
slab2,molB,nset19,140.20225654521073,-127.80116731685501,165.80582357294463,324993.73372421
slab2,molB,nset20,-93.41927373839597,40.575137320802725,-0.051341811393001535,324993.380982242
slab2,molB,nset21,73.92947996523733,4.5810295903271765,116.02322857974616,324993.256915537
slab2,molB,nset22,21.507030855125777,-159.08599879020886,-50.81241401372807,324993.815666548
slab2,molB,nset23,125.91852273587631,85.07411416853199,-15.604924821924072,324993.813975578
slab2,molB,nset24,-128.78614011887333,97.96151481401887,-33.132793281572646,324993.79552081
slab2,molB,nset25,133.00330694902573,160.96347325663396,-148.66159577184447,324993.378570052
slab2,molB,nset26,170.2873742515444,12.2962140794952,5.110264656786455,324993.923028197
slab2,molB,nset27,-3.832972493119115,137.06531680526462,34.94994322113649,324993.87279325
slab2,molB,nset28,-118.57555896799876,-82.40019469840301,-111.83110403779882,324993.556788412
slab2,molB,nset29,140.90609594120167,-151.13400932766513,-40.625056927026606,324993.634421736
slab2,molB,nset30,157.12011347974737,134.93116790928076,161.24916153867576,324993.562848628
slab2,molB,nset31,34.100768330971704,136.99848147098567,-57.507002063866764,324993.907437117
slab2,molB,nset32,-172.56700140325447,144.24838859260285,-163.04900438125046,324993.933159743
slab2,molB,nset33,50.76916177534679,-83.70443988477074,-86.63730451803538,324993.662026649
slab2,molB,nset34,-74.0310678932677,-135.35614197036548,125.52168150607218,324993.094208132
slab2,molB,nset35,142.7387428091817,58.87462449424859,12.008217417042658,324993.557107382
slab2,molB,nset36,34.50967424497662,-49.491969380458954,55.04139294033931,324993.553120134
slab2,molB,nset37,-177.60639925494516,-138.09556822163128,169.39347454190818,324993.636918017
slab2,molB,nset38,78.67870971181065,122.16584621721705,-5.2443658689713,324993.551893797
slab2,molB,nset39,-106.11375445818817,105.36514018338403,-23.11632956195777,324993.794704057
slab2,molB,nset40,-63.70833193674663,-112.52768200423371,-159.41446276933763,324993.634799462
slab2,molB,nset41,64.90428582744889,98.29125452779402,41.24625936828588,324993.637377335
slab2,molB,nset42,144.4516308117506,165.55737054696834,-139.97759231181163,324993.378329445
slab2,molB,nset43,-87.39363118289062,-12.799042070633732,162.1974887773241,324993.557540979
slab2,molB,nset44,-46.22887581669306,22.450143536667753,137.7462185435457,324993.322853259
slab2,molB,nset45,163.28339353646857,139.35585245151083,-140.8463280780822,324993.383285786
slab2,molB,nset46,67.86580195430452,-37.77437698868468,65.95612045109303,324993.460339599
slab2,molB,nset47,-120.98802863753531,172.74343435698518,160.32124762027013,324993.331128711
slab2,molB,nset48,150.45173457494337,38.356346956599566,123.28540591527297,324993.968220968
slab2,molB,nset49,-163.28283940428278,-128.07026499121858,-72.60026174785256,324993.789083749
slab2,molB,nset50,18.547291058805854,-1.4613938178317198,158.94814715728046,324993.696679187
slab2,molB,nset51,164.17481854990723,121.3014167826916,-76.28939784984597,324993.737059298
slab2,molB,nset52,11.332535004087077,47.52755748667323,172.04145400740197,324993.636540236
slab2,molB,nset53,60.03868690072201,-10.807875336276311,105.13588799142838,324993.241276333
slab2,molB,nset54,-75.96250396332091,-29.695087249054865,-53.79938883849269,324993.77866176
slab2,molB,nset55,85.5745517506985,66.9361467423009,-22.587435928434473,324993.559766149
slab2,molB,nset56,127.49132794383547,130.74716976557238,107.55035911012777,324993.650552652
slab2,molB,nset57,53.32475224691785,86.81973843042357,-71.62424305904945,324993.648161847
slab2,molB,nset58,-3.0893343984579076,-155.7887443427592,-169.7167723531587,324993.894781091
slab2,molB,nset59,-79.24606151611665,-55.722053698235996,-62.967364975179805,324993.559588008
slab2,molB,nset60,93.96466803098019,21.85465833773594,-96.08040679907297,324993.750815317
slab2,molB,nset61,119.74242554136953,-113.21609176808114,-95.01524512979175,324993.556478151
slab2,molB,nset62,90.70475025001372,97.89308100299058,82.00742043172386,324993.634430256
slab2,molB,nset63,167.09188299018354,131.11926566872114,-152.0980955778617,324993.63430142
slab2,molB,nset64,173.20973762872381,-122.96035311290521,90.59865254520014,324993.734550343
slab2,molB,nset65,-112.86250702630244,174.46060843526243,-21.184018359944787,324993.639952862
slab2,molB,nset66,-86.63057343659159,60.01533788055474,-53.653939383798075,324993.334763331
slab2,molB,nset67,-154.02446061814686,-169.21715228028572,156.20988703916083,324993.354774901
slab2,molB,nset68,72.74683612925722,-82.11372212234212,-22.131001565882315,324993.691371132
slab2,molB,nset69,79.34357582829699,32.40859045462943,156.39809967219298,324993.638387939
slab2,molB,nset70,5.896755963192334,107.66862694738035,154.83991228038576,324993.817438565
slab2,molB,nset71,146.3380849792979,145.67554396136933,-147.80455518323984,324993.850628644
slab2,molB,nset72,5.371881278381608,-94.40666175854149,-121.9420765895191,324993.795113592
slab2,molB,nset73,-141.0333820410496,-110.00279739325768,-30.236704869102738,324993.724183874
slab2,molB,nset74,90.60158689296986,-40.557732580875864,67.38748647411569,324993.650005471
slab2,molB,nset75,140.82867820299072,-114.97752560851804,-145.2933915405702,324993.661227317
slab2,molB,nset76,-90.29722066567169,-88.51744678303228,81.90028490623592,324993.649172269
slab2,molB,nset77,115.12870915607152,93.97637471273856,106.607142360507,324993.6356782
slab2,molB,nset78,-85.38825488956253,127.63479304876199,100.9778050054054,324993.557935437
slab2,molB,nset79,6.218783269907874,28.478788398099,151.44653519372253,324993.64917375
slab2,molB,nset80,-139.8019015325891,28.417200989237614,97.3098480304705,324993.909249706
slab2,molB,nset81,-102.57337262774806,64.62325404596444,-171.47841399413005,324993.555038097
slab2,molB,nset82,55.57544469925227,142.03737214725658,42.88576594397978,324993.635058091
slab2,molB,nset83,91.17999373934708,-59.39972411164297,-178.4878268093635,324993.635053929
slab2,molB,nset84,20.391506764554777,-37.31021535334267,-169.28060222199187,324993.332191974
slab2,molB,nset85,-145.10451553993826,108.25055450442812,38.05923137400313,324993.662312053
slab2,molB,nset86,-103.3066398941406,132.9761286204049,-0.746032919256578,324993.79525348
slab2,molB,nset87,-151.26832849040784,141.98289476731935,-23.418769796849205,324993.635935573
slab2,molB,nset88,-6.845759054024825,16.2927553411711,127.64766025029076,324993.321406583
slab2,molB,nset89,77.81181082872519,35.21158066538723,-33.53438893920375,324993.556547167
slab2,molB,nset90,-73.27290563366151,10.185259384149248,-4.991708524790852,324993.41257888
slab2,molB,nset91,-2.850517214953669,76.35131838046533,-131.29660717753706,324993.815535191
slab2,molB,nset92,5.859857520990062,4.876286185848187,-67.90650190827748,324993.633358479
slab2,molB,nset93,34.38919223353261,-116.78865591284735,-97.77467817507778,324993.734104781
slab2,molB,nset94,143.89679099966975,-127.75603627594879,5.989966598762379,324993.722585238
slab2,molB,nset95,152.26202969575598,-89.22144842143165,-77.42067720771311,324993.558124831
slab2,molB,nset96,-175.86099184179474,136.3239156158965,42.57776308603377,324993.552265823
slab2,molB,nset97,-24.646043393808583,44.93259508542866,-150.08389758663793,324993.552417963
slab2,molB,nset98,-79.78267458558211,-103.47840086128649,-164.20425257664726,324993.634413097
slab2,molB,nset99,-140.5819175799457,-51.92548437805186,-48.78692421994867,324993.635459149
slab2,molB,nset100,53.86385652198413,-3.520678217840924,-93.1521499250767,324993.312932268
slab2,molC,nset1,-54.0313473889839,3.1538269091519737,-12.881352206708925,310635.812113678
slab2,molC,nset2,-20.05057887083092,60.39428035259772,71.1525878605579,310635.634766081
slab2,molC,nset3,27.65955367864734,-69.73793454987296,-70.85621674787609,310635.507892726
slab2,molC,nset4,131.67500075083132,90.90753626258282,155.5632668203474,310635.52541608
slab2,molC,nset5,27.680281467423924,170.90932829812414,-177.99346990814814,310635.376978301
slab2,molC,nset6,-51.82534305105102,165.85187043425242,146.8752695587579,310636.033766534
slab2,molC,nset7,-115.84510467523465,50.31309840631732,-140.21051590419967,310635.859724778
slab2,molC,nset8,176.75241191591607,-29.845409645561233,95.15931299261104,310635.448695426
slab2,molC,nset9,5.409337304241717,164.81974775436123,-161.15017553790275,310635.541308542
slab2,molC,nset10,-122.76877942763974,93.25803477805897,-178.74076970030728,310635.611196155
slab2,molC,nset11,25.309295689267998,-147.3820384719785,-1.3954085208451374,310635.483662047
slab2,molC,nset12,22.570013259666098,29.83636196827638,92.53135460588737,310635.634123632
slab2,molC,nset13,105.87292052026885,-55.6514663410652,-73.18772991363734,310635.739513273
slab2,molC,nset14,-87.45629485775834,70.97167944062451,108.69019616980336,310635.741836952
slab2,molC,nset15,100.83784391110186,-96.79872132378536,53.56216906582043,310635.662988298
slab2,molC,nset16,-24.53387771499098,-6.18413863581452,-41.80791567381095,310635.751567584
slab2,molC,nset17,77.61944165634316,-146.07013922093736,-164.04793886873784,310635.859758092
slab2,molC,nset18,-55.51449337418656,-178.13462505148095,-144.6700982909121,310636.033432487
slab2,molC,nset19,-40.5872291014675,-150.2757612671193,-35.62953726679237,310635.742139381
slab2,molC,nset20,5.967623310002665,-27.911772475705874,-98.7847707612722,310635.848623681
slab2,molC,nset21,-100.67362414420666,-15.386444537085907,120.92314643156175,310635.810853358
slab2,molC,nset22,3.3281454573537417,93.86549496365791,-1.7401927085691398,310635.623444903
slab2,molC,nset23,-22.181511917722048,-112.6993811878848,-105.61642742571381,310635.40277491
slab2,molC,nset24,-134.7483912892568,114.81293691517862,-75.12956241670851,310635.55979523
slab2,molC,nset25,-78.1946056152424,-162.57918932459614,-1.0636901383742554,310635.713754187
slab2,molC,nset26,-55.49662265444786,17.752291667068363,-127.84512815198308,310635.799568772
slab2,molC,nset27,-50.21164064488414,156.82338294131773,33.62293765838686,310635.545478003
slab2,molC,nset28,21.379431827583915,164.37931098293012,2.0384773296512435,310635.389944758
slab2,molC,nset29,-12.679373307070733,-62.4201016218567,-161.43592494238217,310635.769129483
slab2,molC,nset30,-158.17873940299506,154.9734069172485,-168.57905245751618,310635.640229975
slab2,molC,nset31,-159.48270234684875,127.17929160980742,-92.95745652342697,310635.492512233
slab2,molC,nset32,-178.05093707853266,-137.37661315937098,139.9146438894415,310635.507023344
slab2,molC,nset33,-127.02434017021702,-117.58363074091415,-60.70243198734232,310635.596645461
slab2,molC,nset34,-135.97897963701098,-67.43975727392845,104.08841843648713,310635.394504045
slab2,molC,nset35,-109.06556536666356,117.72106977976034,-137.79399090259213,310635.852440441
slab2,molC,nset36,-92.96774612660779,-153.7263037196061,120.347636105366,310636.082725129
slab2,molC,nset37,-52.961265464280956,90.18708471922338,74.21699330939182,310635.576944787
slab2,molC,nset38,-159.79572082517205,-69.67135218405954,-39.843265650982005,310635.662724242
slab2,molC,nset39,-129.12304182817053,33.505159737799374,-127.02604088614734,310635.981267182
slab2,molC,nset40,-33.148178826484724,-127.72535219885219,-5.225257826867704,310635.870824047
slab2,molC,nset41,-157.8723951222587,118.34510417178166,92.11920179358327,310635.505410273
slab2,molC,nset42,45.22643941681005,45.12506538719677,-57.44219114700971,310635.798162372
slab2,molC,nset43,43.97721624055944,-158.591474571197,125.64527001683018,310635.812730226
slab2,molC,nset44,96.50522861698158,143.13757878051126,-6.5825906792138085,310635.68355383
slab2,molC,nset45,67.085659902305,-146.70272051456047,96.31560472705945,310635.737110081
slab2,molC,nset46,27.18821656050551,3.788242218368225,49.20170324290521,310635.637911855
slab2,molC,nset47,116.05123805466832,-24.8323214339743,29.770881524226724,310635.491620938
slab2,molC,nset48,51.27416113104704,-177.12847961343263,140.99211802248806,310635.719093401
slab2,molC,nset49,-108.21209708247738,25.04528120116811,41.95284432348717,310635.813533403
slab2,molC,nset50,120.01085977227842,-38.2051488212262,-138.41247223882377,310635.712965773
slab2,molC,nset51,-170.07583341972423,-101.76250534521415,74.03258674714161,310635.797635444
slab2,molC,nset52,80.33453079825728,65.23704004139108,-165.7450005161465,310635.575378029
slab2,molC,nset53,64.77994111857396,-102.79725284299512,95.66255352725773,310635.662310474
slab2,molC,nset54,12.767395670512457,-45.705653720537754,137.77783980658,310635.646550096
slab2,molC,nset55,153.7681792759816,-13.929347347588532,160.71896697708928,310635.390395794
slab2,molC,nset56,169.5009169448968,4.1118875669330635,70.18499927877599,310635.403701043
slab2,molC,nset57,79.05139060204499,-163.0547565488423,138.33627629484118,310635.73756146
slab2,molC,nset58,-80.55194121887932,-85.47695281521355,124.28243010670917,310635.740459546
slab2,molC,nset59,158.31076117453995,-63.683606753817,-77.94548640478074,310635.267958508
slab2,molC,nset60,28.210606800201617,-165.91722139900077,136.37633715029284,310635.282940964
slab2,molC,nset61,-60.95768795627849,-128.1479469053888,-179.97104115872116,310635.379923475
slab2,molC,nset62,77.88373612801621,119.39470882794058,-18.2147051576315,310635.797896125
slab2,molC,nset63,81.1642962285801,73.31861285260169,-139.42801097086186,310635.579372833
slab2,molC,nset64,7.259401635528718,62.77059806847956,-171.06224086441028,310635.609661819
slab2,molC,nset65,-136.93954717625942,-139.0751310067081,176.5430473631519,310635.739384393
slab2,molC,nset66,138.51030412448324,-107.46795170669046,-112.76142553647288,310635.739743369
slab2,molC,nset67,-128.79600482490952,-91.02795389191638,-128.4869876357845,310635.379362853
slab2,molC,nset68,-121.81141705506212,87.75420312677801,129.77016093404853,310635.828368306
slab2,molC,nset69,177.01628128621218,-113.90593769410374,168.12298601483917,310635.728579512
slab2,molC,nset70,-13.984207651372117,94.91952989095569,-105.38064185879148,310635.798941542
slab2,molC,nset71,147.03497508489232,-179.64598201832317,6.4506843745368485,310635.687019975
slab2,molC,nset72,-49.08224340981462,-14.570394228498202,82.2657145443269,310635.810863964
slab2,molC,nset73,-129.78347602528595,-76.8101872355718,-92.30840480591935,310635.378905191
slab2,molC,nset74,-12.444234854868057,76.18935079289008,148.56069966254063,310635.575571063
slab2,molC,nset75,-162.67520464122353,176.20251919025378,-166.1632161401304,310635.638748881
slab2,molC,nset76,-168.88515537642806,135.8160765819095,154.2808239425069,310635.637092028
slab2,molC,nset77,56.66499658285858,69.74804603257257,27.62054599835423,310635.852507939
slab2,molC,nset78,-136.46260013518074,-55.163755345576604,-126.87791884755063,310635.379695259
slab2,molC,nset79,-176.09381167746807,-33.59520918540156,15.441339984875981,310635.830969428
slab2,molC,nset80,-61.160105280867256,-41.50315183235901,120.11790644832064,310635.682551806
slab2,molC,nset81,131.3810205910229,-44.75319055514683,139.999316496404,310635.74218315
slab2,molC,nset82,166.94486712742838,-143.13750318037444,128.95100552215496,310635.752149625
slab2,molC,nset83,99.23021525788761,103.75176880607194,8.771644842775231,310635.799451975
slab2,molC,nset84,88.83806279054107,115.65830194708013,149.59061090606662,310635.493681965
slab2,molC,nset85,62.707958963346215,-138.18121547430277,-69.33924927165606,310635.811916879
slab2,molC,nset86,-54.11393789876412,-177.9699012248659,-175.40636411236355,310635.636969474
slab2,molC,nset87,-162.7032966187934,32.52896963531822,132.40084323674478,310635.747546222
slab2,molC,nset88,-144.96300860098836,-126.10281297396844,-17.867720136074666,310635.78046968
slab2,molC,nset89,-157.15065417437106,96.30339620086943,-95.7065831432965,310635.55963237
slab2,molC,nset90,167.99186955883346,-39.23902448872576,-145.72778989843832,310635.729764547
slab2,molC,nset91,150.53446688161608,123.37353057211459,71.1103159133354,310635.799782993
slab2,molC,nset92,-86.006076803214,-102.7689523755172,80.19277713424788,310635.759108106
slab2,molC,nset93,-3.7468939688096725,37.91719523843801,177.56132674070153,310635.609195604
slab2,molC,nset94,31.883428608616356,-91.85036594065024,63.162160406802,310635.380095061
slab2,molC,nset95,-34.78170908884829,-78.31196165439108,47.53231560491744,310635.728462015
slab2,molC,nset96,-19.253824876087265,148.17809978119112,-19.44304770948429,310635.390821291
slab2,molC,nset97,-39.68884735346617,128.6834159769163,29.494931760137888,310635.826643441
slab2,molC,nset98,78.31990651862037,-126.17361162732095,-15.93843012209004,310635.685174783
slab2,molC,nset99,-56.38915670896975,38.054387720869954,-103.12921640571095,310635.931733791
slab2,molC,nset100,-31.713740099982374,83.50520410671851,45.980928153044005,310635.634069356
slab1,molA,nset1,-56.61546054146076,65.7364905636019,-121.8985026366398,202906.14081943
slab1,molA,nset2,172.26789673531368,93.0546576581753,-87.5532845974988,202906.206317815
slab1,molA,nset3,-79.09344886394737,46.231041181451644,-140.60826321168338,202905.772177977
slab1,molA,nset4,-19.137799422601432,-117.96349777151782,-125.59128529016556,202906.178189656
slab1,molA,nset5,-144.7775088670036,68.08088636452558,75.5416821383717,202906.08188285
slab1,molA,nset6,-126.43477149850683,3.8438195839440255,130.2430233812119,202905.994017122
slab1,molA,nset7,-125.39686893234527,-109.32281643742766,-167.8105106011424,202906.130371358
slab1,molA,nset8,118.28769543373431,8.254602157333949,169.28683093305193,202905.917977074
slab1,molA,nset9,-16.966180098926117,-14.628217925277369,175.43412109879648,202906.029207727
slab1,molA,nset10,21.314689713873292,-109.50764224185703,148.5293472218081,202906.082877456
slab1,molA,nset11,-32.83079593214032,28.024088451200953,-113.2459274214179,202905.773473742
slab1,molA,nset12,-139.5246579391835,-66.2121710338313,-95.56068180219344,202906.207436055
slab1,molA,nset13,44.87511678818677,-159.3335087066356,-18.797088812324688,202905.722478029
slab1,molA,nset14,135.34895058290726,96.80916739165883,125.92369427078756,202906.177471865
slab1,molA,nset15,-176.8420777824103,-170.02669303774763,-1.425430473476041,202905.971445499
slab1,molA,nset16,135.85348567868152,71.47874787003747,-52.081863747240234,202906.143105936
slab1,molA,nset17,135.6054241605583,-88.38528677158153,-163.03918352680384,202906.178532772
slab1,molA,nset18,80.73437268308965,-160.24298794543475,-16.49733433190488,202905.723041382
slab1,molA,nset19,-77.41004652649691,-117.65086495577498,-177.37130566739907,202906.206103004
slab1,molA,nset20,141.3243047704065,-2.4686513709519318,72.68627519658048,202906.004657277
slab1,molA,nset21,20.682792936356947,85.35298508191471,-114.49249661316162,202906.177760628
slab1,molA,nset22,2.5726971713490627,-69.35843230641473,63.431701113707646,202906.085075973
slab1,molA,nset23,-177.7302610925264,-74.27758302420483,93.66416203213367,202906.142586395
slab1,molA,nset24,63.71158276122614,10.893009403522825,154.21390976590448,202905.908302361
slab1,molA,nset25,60.198712166443954,43.527791793249435,-91.862927160723,202906.179769773
slab1,molA,nset26,-41.352032853929586,-104.82318778529921,-164.9394769409941,202906.081272735
slab1,molA,nset27,74.72764613064834,66.66766951401635,6.585589596639721,202906.140494711
slab1,molA,nset28,-131.38401428517187,148.83607452908876,-86.0467641033758,202905.998075601
slab1,molA,nset29,67.34663874679885,9.50266818501558,-76.46070486005144,202905.985353085
slab1,molA,nset30,173.4709449186832,1.5262471793287773,95.29216836573619,202906.200271911
slab1,molA,nset31,-5.788079119180679,65.42299766978604,177.18556733991045,202906.081866424
slab1,molA,nset32,96.26825474172966,-70.30160677538719,54.915813270019925,202906.206837207
slab1,molA,nset33,-148.89481994897085,84.70300638997384,135.5860342279003,202906.141126943
slab1,molA,nset34,161.81450571393952,-159.27506184334052,-116.6515902530793,202906.111151832
slab1,molA,nset35,-10.318955327430302,0.8399666516976652,106.94958051432832,202906.093368383
slab1,molA,nset36,130.92287276736482,51.22331872869805,47.60607718516303,202905.978109826
slab1,molA,nset37,-134.7949871622414,44.39993400098729,-126.62277196127977,202905.772610207
slab1,molA,nset38,-174.37939162103407,-59.39645420115487,5.129064134818094,202906.080488817
slab1,molA,nset39,-108.76345450864578,-145.26446438933604,95.31623001631112,202905.963716392
slab1,molA,nset40,85.72275373539941,13.269192112010217,-169.53811406410804,202905.907580732
slab1,molA,nset41,-134.47369154285684,163.98189727172036,149.75323890517438,202905.977714028
slab1,molA,nset42,7.75892412761462,-34.65951565274662,-176.086400202236,202905.975776138
slab1,molA,nset43,122.19403047081647,92.4001992735295,-68.48731481364446,202906.206850789
slab1,molA,nset44,-127.24987131642771,-154.559622820014,-156.71595822271127,202906.169412646
slab1,molA,nset45,12.559102703454812,-63.28780644667778,151.36123696682165,202906.081411475
slab1,molA,nset46,164.1558107937077,33.99213321920189,-179.32710781983346,202906.399779038
slab1,molA,nset47,149.00339696847578,53.214638484287576,-36.602516547717926,202906.206377793
slab1,molA,nset48,16.553826885320348,-137.97247724238102,104.98945093836517,202906.02659795
slab1,molA,nset49,-123.55701475462034,40.715436032995655,122.34443600919735,202906.081860075
slab1,molA,nset50,-176.54985311142667,151.22552513327855,125.59821424780216,202906.068981902
slab1,molA,nset51,-136.55118381236412,140.24692847703398,-9.226813923046933,202905.970672733
slab1,molA,nset52,-4.223188051485522,-22.567163486582558,-2.060100681413644,202905.8678196
slab1,molA,nset53,59.893466352154746,141.1657548941776,150.6352676357497,202905.948190344
slab1,molA,nset54,150.9512998327957,-174.63778176661373,14.766319732840458,202906.02833101
slab1,molA,nset55,119.03788253793567,-9.207520506527914,-111.24310724589932,202905.980653261
slab1,molA,nset56,-108.19752697491968,172.69019312608606,175.22466173876018,202905.918493486
slab1,molA,nset57,168.81115522360955,-118.86952880669016,128.0073369440408,202906.141502658
slab1,molA,nset58,-5.0330971445700925,125.02211214909681,122.2992242868566,202906.083924841
slab1,molA,nset59,123.85132459778964,-84.61270336583037,-46.072269484741355,202906.206813086
slab1,molA,nset60,82.89068538481229,-20.33421106754227,175.83388609447547,202905.907902715
slab1,molA,nset61,132.26735914753704,172.12782865527868,-51.25794790805253,202905.720929471
slab1,molA,nset62,-77.30391455332163,103.14540244012818,-10.932343923852898,202906.208571793
slab1,molA,nset63,7.800068909675673,143.66298326822465,-6.210981259150998,202905.868493843
slab1,molA,nset64,-99.31473100498309,156.62494336110638,-160.80349609201892,202905.981034108
slab1,molA,nset65,108.24065657514245,-56.238222993456105,161.53146409680573,202906.14193925
slab1,molA,nset66,25.997328472481342,-179.6750774694377,-95.09837214106503,202906.11619855
slab1,molA,nset67,108.93427676320044,106.07717139188628,-41.56734875968084,202906.140746688
slab1,molA,nset68,178.69277451039886,67.27318777114576,100.08694758678882,202906.149516399
slab1,molA,nset69,-125.95660720441997,-142.54329052849923,-53.60176600155354,202906.208285887
slab1,molA,nset70,-121.3974131375348,39.87730089385201,6.952314012611566,202906.191995049
slab1,molA,nset71,-15.766800458484397,-86.24994374666642,36.120536624013596,202906.218293234
slab1,molA,nset72,-40.88689438149413,-91.3552259305045,62.728491289719926,202906.217688109
slab1,molA,nset73,47.066782418849044,-108.72112189384376,-31.09302397987895,202906.218617774
slab1,molA,nset74,-72.31883429222361,74.82285326500423,128.6229940484905,202905.869304748
slab1,molA,nset75,-86.50223917582953,83.38668694218751,-123.13506267818805,202906.177116637
slab1,molA,nset76,87.02154814891276,-130.42188126329413,50.67467911415804,202906.141585122
slab1,molA,nset77,-53.25394945083454,-168.79499445200997,-38.59634105031736,202905.977820055
slab1,molA,nset78,-161.58787888974715,7.29765451112155,111.72274638860023,202905.997742771
slab1,molA,nset79,-31.18405807686102,-16.565834686819443,-12.621452354493016,202905.867799765
slab1,molA,nset80,11.037331311631704,-34.51918355552198,65.10586971022639,202906.17786225
slab1,molA,nset81,-23.30488450891727,25.568183668758905,-135.64073997588167,202905.840514427
slab1,molA,nset82,-49.785981634398354,43.34159982579635,71.15627848529911,202906.135686583
slab1,molA,nset83,139.0818372185928,-0.23302167340278856,-166.06323566333612,202905.945641803
slab1,molA,nset84,106.1630090804706,-168.23782706859336,-110.71187428560906,202905.773046643
slab1,molA,nset85,-123.62202115099782,83.11042944616952,-24.7733126666009,202906.207073517
slab1,molA,nset86,-139.693470392074,-173.33921044963373,140.9764210977536,202905.917397014
slab1,molA,nset87,125.74421189907173,9.58043915691647,159.02843418644994,202905.919887415
slab1,molA,nset88,52.6983653841275,34.64589541797568,39.320410753856606,202905.964364072
slab1,molA,nset89,-66.96565538866015,-81.84956145700956,-119.03089935227395,202906.082689232
slab1,molA,nset90,135.88305018144138,12.082216864738342,49.77438533622302,202905.976455965
slab1,molA,nset91,19.99496045961297,-179.00210334411076,-22.51155633021554,202905.990680771
slab1,molA,nset92,-128.69247939762369,65.45729321480997,-51.85569459174542,202906.218999415
slab1,molA,nset93,-131.78495332707234,-93.23034811709593,-126.8539545310386,202906.206064312
slab1,molA,nset94,-17.691868014613362,-6.861406633478964,-78.75671022493535,202906.066190048
slab1,molA,nset95,-120.31881882437133,-118.41125742383684,66.6738881664954,202906.149766815
slab1,molA,nset96,-65.24395380146062,45.68108620811651,150.1952424186817,202906.080712474
slab1,molA,nset97,74.85708902962483,65.26584389438912,-129.63269489446546,202906.081543282
slab1,molA,nset98,-106.79603340865077,-61.49100848581497,-35.13160063078425,202906.080385122
slab1,molA,nset99,-40.815589558343305,-144.53633899358522,90.9727674005207,202905.998541396
slab1,molA,nset100,-168.89641232824394,12.276220532215348,39.7802817589679,202906.041242404
slab1,molB,nset1,72.02402954004543,140.2742182617858,-34.831639072185425,238638.35354342
slab1,molB,nset2,-21.870199803425407,86.78854176600402,139.7090826935559,238638.801364166
slab1,molB,nset3,76.64932584603463,-169.6782537755435,82.83460115982763,238638.341077139
slab1,molB,nset4,-24.215760237371825,-53.450704597014294,31.985996091714583,238638.953660275
slab1,molB,nset5,147.19757723783545,-10.182306625755189,-4.239859787349985,238638.409246736
slab1,molB,nset6,156.7047653220215,-75.96155236673307,-41.765863576946515,238638.772642644
slab1,molB,nset7,-4.128073865480843,10.113978695465846,74.74395175343071,238638.902592241
slab1,molB,nset8,81.20769173509905,-40.37433842083212,-46.92068861550189,238638.35260853
slab1,molB,nset9,118.98712536714413,-164.8208570670334,-3.1004918264482626,238638.692425782
slab1,molB,nset10,-154.79368956227754,-20.648358318026737,45.08318517485387,238638.669530589
slab1,molB,nset11,-106.6184234758758,-29.898393783097674,-150.1708102951472,238639.047869408
slab1,molB,nset12,43.174017055624546,14.08063577296943,46.431104807870724,238639.06919599
slab1,molB,nset13,-5.770115420666087,142.01476965760043,-144.00337535761142,238639.060044912
slab1,molB,nset14,43.926502232657015,92.55944905625626,155.26573996899702,238638.956045641
slab1,molB,nset15,106.17819412084174,-98.91092615871517,-79.32748568853853,238638.692323389
slab1,molB,nset16,70.94088998645464,-16.202578094231285,108.52516515298828,238638.359353833
slab1,molB,nset17,42.80079672889045,-8.036761425928745,-134.02161165163284,238638.81292955
slab1,molB,nset18,155.9986871199713,-42.83285808062291,-84.34262973057527,238639.042659872
slab1,molB,nset19,141.280143684383,-176.79209979832376,129.7110746231869,238638.360931185
slab1,molB,nset20,112.33717729853333,-14.158117038577018,136.16047557959394,238638.30846237
slab1,molB,nset21,-75.3644362267309,35.66887383596867,103.37943396468802,238638.353302609
slab1,molB,nset22,150.11463313748317,-109.66799276277969,-129.8101472492695,238638.839416843
slab1,molB,nset23,57.81666855178452,-1.5686187567283696,-151.23403185738965,238638.516688644
slab1,molB,nset24,-60.09112987188355,-38.22243259786305,-104.41397923980627,238638.912458001
slab1,molB,nset25,112.41064722415246,-26.188625271551075,0.7954478443791118,238639.024467068
slab1,molB,nset26,-118.74721642506654,-80.66146254208273,4.4150426183899185,238638.771164867
slab1,molB,nset27,104.15686187281068,-44.843002976070295,14.056681277388378,238638.688781866
slab1,molB,nset28,14.47984628832674,60.79054596808271,149.18495714005041,238638.776461127
slab1,molB,nset29,-98.77658171577885,-121.59090537307316,21.51409182637721,238638.770196657
slab1,molB,nset30,-170.90315818865685,-121.00456242462315,-103.80576776539665,238638.931627148
slab1,molB,nset31,75.2694168925043,89.23996243437301,70.04043595844112,238638.771825573
slab1,molB,nset32,-34.45117266290697,-98.85213855118545,82.35166572423992,238638.774741439
slab1,molB,nset33,150.47718505008163,-119.72954743355561,-80.5515090747616,238638.691708571
slab1,molB,nset34,106.52952134308066,-67.23528518036295,-69.14271684528418,238638.783422669
slab1,molB,nset35,8.135111751684974,-153.19802290405386,-121.18923460776534,238639.054945697
slab1,molB,nset36,27.498973646385963,112.31527285086747,47.00958810721221,238639.011415175
slab1,molB,nset37,-23.817691170668468,132.47395984613667,-30.21506398973287,238639.042874753
slab1,molB,nset38,-139.05944033463538,-125.93939715704221,-51.71392806724802,238638.300568153
slab1,molB,nset39,9.396152957288592,100.3434418509849,157.43404497392845,238638.957759137
slab1,molB,nset40,77.05315838071385,-60.777180702157324,-157.34696442070754,238638.770975983
slab1,molB,nset41,-156.0703304703344,-90.96116927782805,33.21755528271183,238638.700461648
slab1,molB,nset42,59.74994158748521,-5.245274399677413,-179.2359671634671,238638.518680921
slab1,molB,nset43,113.49434992555183,-72.86601225604389,163.49973427746784,238638.773369111
slab1,molB,nset44,42.288637652134156,-156.18689001884366,11.502326020851768,238639.059348223
slab1,molB,nset45,-20.460947161468795,38.2069471027981,-11.238838087581627,238638.702241523
slab1,molB,nset46,-146.63252471327945,159.30675024599077,152.50256504413136,238639.020154648
slab1,molB,nset47,-132.15882808330628,-80.53362008733397,-141.1210869121678,238638.693049783
slab1,molB,nset48,-149.38982746667511,-59.82997741618118,-19.260499265762576,238638.702201059
slab1,molB,nset49,-1.0383300222140406,-33.519676388443486,-65.93696164305985,238638.966074319
slab1,molB,nset50,13.084025873459922,-98.56298638629082,-176.99226647366638,238638.70315556
slab1,molB,nset51,150.45749532253416,138.87460504966924,-23.191216220669105,238638.784147534
slab1,molB,nset52,77.01515923422312,68.073602436123,-26.392621150279325,238638.691654445
slab1,molB,nset53,-146.5012877621637,-69.90681364273009,-135.46649194096918,238639.059978434
slab1,molB,nset54,89.80305768444754,29.065523425351103,89.9632406656541,238638.342752049
slab1,molB,nset55,92.66216665121834,12.91259619843379,66.52405689904771,238638.369303078
slab1,molB,nset56,118.25108211757669,-169.71794592995167,-179.38377406501868,238638.776902063
slab1,molB,nset57,14.815925347811799,98.81029123388112,129.21532591122553,238638.954240975
slab1,molB,nset58,113.97998102279291,-68.02701892885526,139.29179942826823,238638.441943269
slab1,molB,nset59,-88.6172866524398,160.44454779669013,-47.36203083111582,238638.832193826
slab1,molB,nset60,-167.5275569901777,61.78809442028887,-120.09240014064088,238639.012506091
slab1,molB,nset61,48.274184859770514,-24.83268695081057,-175.467941475042,238638.518312511
slab1,molB,nset62,179.49743199406623,-53.09567887525944,97.92214452207486,238639.052350625
slab1,molB,nset63,-64.699299869033,142.0778322644702,74.82310016863559,238638.887029754
slab1,molB,nset64,79.69263652948706,-33.37112797676602,36.42034136115396,238638.682643933
slab1,molB,nset65,173.3815223867635,-164.23656667722602,-67.72542379799178,238638.362214433
slab1,molB,nset66,54.396078817428105,-30.2403165759265,75.29323345354194,238638.378783821
slab1,molB,nset67,51.29250351718724,115.97153255791437,105.9808054364812,238639.01163487
slab1,molB,nset68,-117.83548710732981,-118.82936794646939,-51.070886031869804,238638.94802461
slab1,molB,nset69,100.3467506572847,42.91412576812121,101.26130415596043,238638.914594079
slab1,molB,nset70,16.22296276297797,2.354824197479246,-36.035628861814956,238638.619272139
slab1,molB,nset71,27.89028875942239,-138.76374269358564,52.185888893745044,238638.706469316
slab1,molB,nset72,-57.4443361995049,130.67964006071588,-71.65874017290031,238638.913373007
slab1,molB,nset73,36.986331786745296,-1.8610599677198252,-91.25172182077367,238638.394111166
slab1,molB,nset74,45.63013815853367,-74.95562935549671,-74.82465666164116,238638.801069362
slab1,molB,nset75,119.29037664257652,163.71410679815892,153.0246741250013,238638.443738425
slab1,molB,nset76,6.792063730608845,-103.54993834314466,55.730118155324504,238638.692219302
slab1,molB,nset77,64.0086314739527,-161.9360574345473,-53.671983661139436,238638.522542522
slab1,molB,nset78,-173.24565001702229,-123.45719740136968,144.107123983985,238638.77757489
slab1,molB,nset79,109.81353022909849,-115.80404053980193,-109.5904313806207,238638.952177659
slab1,molB,nset80,-8.240111576211376,150.25568955019503,-35.97681686440177,238639.105635261
slab1,molB,nset81,-29.875027363153777,-152.09395069754476,89.20831649581709,238639.076359895
slab1,molB,nset82,136.61668778731644,-171.46341265847155,118.7797385862894,238638.361888764
slab1,molB,nset83,-67.80890359073925,-128.49350335917364,167.15714374230646,238638.689450074
slab1,molB,nset84,122.69566238035662,56.081096549792136,-21.22044017975813,238638.691293099
slab1,molB,nset85,51.04763208956058,60.04704390284536,-76.83632606209682,238638.693047587
slab1,molB,nset86,51.080219513406036,80.57672396285221,-114.1392688343646,238638.838347127
slab1,molB,nset87,167.3359890604018,-29.4964763142259,35.437631781456105,238639.024359567
slab1,molB,nset88,86.81540033274945,127.50121935292634,147.8260877373216,238638.77063834
slab1,molB,nset89,-66.51276918133594,158.08527635753939,136.28430953679475,238638.161904579
slab1,molB,nset90,-103.30261278135595,91.9797703707157,-31.934277951784395,238638.771211262
slab1,molB,nset91,-9.61374602148669,38.11642645963735,57.08516911011702,238638.877724854
slab1,molB,nset92,118.94731626845123,54.81363935456906,-87.8474587665898,238638.950744428
slab1,molB,nset93,-42.98807719197475,162.86322554463317,17.866754658579282,238638.423021677
slab1,molB,nset94,-69.14222727815306,-84.03043555426083,64.2984145142614,238638.801000793
slab1,molB,nset95,54.10930881022591,105.06973912432625,-135.42049921177139,238638.956127523
slab1,molB,nset96,-162.16398362579423,-139.43719141623987,-10.997127960422091,238638.702347016
slab1,molB,nset97,179.53445527164155,67.70641826999531,-22.82912445504826,238638.954528936
slab1,molB,nset98,45.123546751921026,113.13328643763282,152.91998238132243,238638.770956491
slab1,molB,nset99,51.07652193043015,-91.30296850795676,168.1690861554481,238638.701196901
slab1,molB,nset100,-136.37750837418963,-81.15202981941381,-82.93781883400409,238638.772197394
slab1,molC,nset1,-86.0550443096885,79.97582855035171,177.63784781359925,224280.889759628
slab1,molC,nset2,4.386888888150793,85.45394212363203,79.05887179401253,224280.721316454
slab1,molC,nset3,14.663971859578282,-46.012244535042214,-121.56504630470204,224280.973978168
slab1,molC,nset4,16.01022626554959,120.35506395153834,63.9108188826161,224280.91648394
slab1,molC,nset5,-74.99227409315677,125.42728793562253,-9.526358747140023,224280.627094514
slab1,molC,nset6,133.4105468819218,-79.7040480646034,151.60021759988047,224280.582421469
slab1,molC,nset7,-160.57403840064615,-137.98777628577847,31.18239385245633,224280.851443946
slab1,molC,nset8,-72.00948138071197,-107.3815158275346,74.05683580770628,224280.641901608
slab1,molC,nset9,133.4452013761907,-123.92657157929833,-32.597689820481776,224281.191522453
slab1,molC,nset10,70.77380316273943,8.075921646994374,34.648201973246614,224281.178250901
slab1,molC,nset11,118.79131286258882,28.41690461349677,-108.87727485691471,224280.78214111
slab1,molC,nset12,171.5185493670557,107.54923811503232,66.13802054628499,224280.633088922
slab1,molC,nset13,20.997207634274275,-136.69246226955647,-113.42595151951109,224280.601629248
slab1,molC,nset14,106.52326769330006,30.39939119825374,-92.06962630944822,224280.721332971
slab1,molC,nset15,-176.32297632280873,-161.58520457813796,137.41611576111063,224280.643379753
slab1,molC,nset16,65.73567213952518,150.11874270146728,3.0232000165791533,224280.937357682
slab1,molC,nset17,132.8908614159737,-104.15089781130375,-41.05995026607155,224280.862379898
slab1,molC,nset18,-107.20538907512557,-108.57828966538173,29.127411473553053,224280.582667841
slab1,molC,nset19,-87.94888699268141,20.241637113918642,-155.3695610933393,224280.939459467
slab1,molC,nset20,30.55871315372741,96.59365093069914,148.26953618586055,224280.780830793
slab1,molC,nset21,-152.48384401675315,83.30231536866671,103.15680233932738,224280.641198496
slab1,molC,nset22,-72.60178721090323,9.808937532484805,-10.217198171902169,224280.949300697
slab1,molC,nset23,32.941114412838886,-114.01376136164873,18.311407046874535,224280.869264508
slab1,molC,nset24,-149.0134769183403,-89.63133539065663,-91.8245605597828,224280.865731463
slab1,molC,nset25,28.684470072436852,-80.15969517308602,-18.418194538451587,224280.87202005
slab1,molC,nset26,-75.3786307061271,-138.25283058919211,-164.2335143870653,224280.92688416
slab1,molC,nset27,71.58060971524847,-118.81509118761826,118.62114095266867,224280.999097687
slab1,molC,nset28,-72.94363074426946,-155.14179487008818,-146.7019663703092,224280.734548595
slab1,molC,nset29,-80.25900263662449,-141.06421143481117,-1.8400707395468885,224280.874813064
slab1,molC,nset30,-10.394568628110903,-77.41532917743348,-79.12785502097961,224280.584981545
slab1,molC,nset31,114.54649377794146,-78.85717371764574,147.66602194941828,224280.582903836
slab1,molC,nset32,42.96584625295284,133.60478525561928,-6.379533208929047,224280.938774255
slab1,molC,nset33,120.69452168513311,151.23360379122875,135.65690549373375,224281.051294219
slab1,molC,nset34,104.39373116266069,171.50100573652458,113.63211269434231,224281.051066018
slab1,molC,nset35,80.05845618012364,-51.1756436087862,-7.927500339626221,224280.967026465
slab1,molC,nset36,146.09526723435653,-94.42657436011949,-150.38585528472453,224280.624406191
slab1,molC,nset37,-165.64143949388523,170.48959821014245,-51.75771060391094,224280.877407993
slab1,molC,nset38,178.45248074320983,150.26738436749235,-101.5382845335361,224280.625495396
slab1,molC,nset39,-14.388088045403464,118.9584638177908,147.4634856299179,224280.695101579
slab1,molC,nset40,87.65589596034425,157.27460890638002,29.571313049522303,224280.93638502
slab1,molC,nset41,-38.165857905364305,-41.14158291600552,-105.26132380052545,224280.583116588
slab1,molC,nset42,-122.19832401210985,-124.47805559713,157.18624644105444,224280.865581873
slab1,molC,nset43,148.08069696030316,151.06158092533656,112.9204634321298,224281.011778787
slab1,molC,nset44,-82.3393690413929,156.58199793735304,-135.71897331212904,224280.781869181
slab1,molC,nset45,113.5429422964346,-47.73252123179719,50.723538479558385,224280.73399135
slab1,molC,nset46,-15.751074687687748,-18.65258286584381,154.6483002272866,224280.824601531
slab1,molC,nset47,62.19551976439237,105.92765529110005,121.08038974177202,224280.781811881
slab1,molC,nset48,-104.31497262292177,111.06569377401473,-127.48844108713001,224280.765984491
slab1,molC,nset49,-103.84410189365828,-127.67487643124818,3.598179138517935,224280.874636317
slab1,molC,nset50,-170.08342765969854,0.9610275724181747,-76.93592583639693,224280.517741707
slab1,molC,nset51,129.35302060763905,84.55675974927539,138.25314097020737,224280.664521764
slab1,molC,nset52,59.427214695564885,70.7688704771933,-39.14329731679558,224280.972149295
slab1,molC,nset53,-160.26362616986975,163.345959961069,21.678507421346353,224280.694145893
slab1,molC,nset54,-138.7009288857928,131.43609738171443,48.5655911438227,224280.698579093
slab1,molC,nset55,127.47426742028642,104.88858652968361,-14.322233897222304,224280.74815362
slab1,molC,nset56,60.80137254312211,26.849576503936134,-124.9883360797898,224280.748885271
slab1,molC,nset57,29.28833796966319,89.35334430105405,168.25547356399886,224280.721963933
slab1,molC,nset58,178.6157092813496,-158.01450011689766,-136.05218129013292,224280.951339846
slab1,molC,nset59,-65.99753276843799,19.524417846155956,-7.290347499034709,224280.94766699
slab1,molC,nset60,111.6384242970916,175.28747837734022,119.78591656573218,224281.051246657
slab1,molC,nset61,77.4036769561082,-174.73246076689165,12.18025253169597,224281.008992854
slab1,molC,nset62,-156.73358752021198,162.00645050750228,51.79639511087626,224280.632239373
slab1,molC,nset63,83.19942908314653,-29.73915504899975,-81.01227902970109,224281.339292828
slab1,molC,nset64,-165.29275795216017,55.408334812003375,124.625143182383,224280.937625081
slab1,molC,nset65,-157.29381385563474,-1.72104517967324,20.627642345362432,224280.68853177
slab1,molC,nset66,-98.79664376164862,-117.70444316747668,86.7141157595338,224280.643496911
slab1,molC,nset67,8.79574387401476,79.82157553776511,-177.48855882328306,224280.780382457
slab1,molC,nset68,67.81663067373472,120.29606792775076,-58.81973191669937,224280.890152477
slab1,molC,nset69,33.135357364417416,-23.667262657306367,131.6202262525107,224280.733752452
slab1,molC,nset70,-19.53857304444267,-86.36130690417953,169.45347092407394,224280.798130099
slab1,molC,nset71,-103.99198849859947,-97.0243148141418,151.32805655029864,224280.934552708
slab1,molC,nset72,96.99512584553139,-108.11962498682709,179.74114182072339,224280.582658115
slab1,molC,nset73,-5.275699282286979,-10.849669357616136,-39.05622264826354,224280.64448737
slab1,molC,nset74,-32.84491659316694,43.048638320157295,6.246520062969552,224280.946748875
slab1,molC,nset75,-113.92503827409236,-19.70524620612784,-159.6137191381938,224280.742252829
slab1,molC,nset76,147.4134534448416,-56.30485674947464,120.94504282855945,224280.541612312
slab1,molC,nset77,76.28003913852888,-32.83557893675936,-161.91265982384033,224280.8751448
slab1,molC,nset78,-51.82456785027486,130.4483458509502,21.716051871587837,224280.625427476
slab1,molC,nset79,166.1730560816781,129.9974639441964,-6.303888959575289,224280.77911397
slab1,molC,nset80,59.22970237042594,-75.79324738761596,14.965100105703726,224280.969444342
slab1,molC,nset81,113.32141871077914,158.73065642244876,78.75214650099724,224281.013690043
slab1,molC,nset82,-164.80018141977914,-77.23958432951783,166.58160437974976,224280.625208491
slab1,molC,nset83,-177.47454679556384,-22.29489537161885,-159.73464366906123,224280.727002882
slab1,molC,nset84,-122.18229859936696,70.49018695249055,105.51007958738484,224280.749365985
slab1,molC,nset85,-173.33663481160323,-89.06054752104362,82.61356786415365,224280.581670781
slab1,molC,nset86,70.9885473109623,116.6740299958127,170.38672914205142,224280.781001247
slab1,molC,nset87,-99.11027433780716,-39.13797939532208,120.39866622642762,224280.871990822
slab1,molC,nset88,-115.07424830178549,108.60798353317028,-166.9696192093458,224280.780634253
slab1,molC,nset89,-44.06836931959907,139.5927109747364,-99.78094080087669,224280.974330282
slab1,molC,nset90,-105.1482008812316,-131.04335862489876,-4.782351079212731,224280.877331852
slab1,molC,nset91,-170.13742625004195,46.53446652176049,170.88699024460283,224281.033110332
slab1,molC,nset92,-88.52886068557548,-25.789641238189148,2.637373391828703,224280.545171826
slab1,molC,nset93,-18.20757410852039,87.96891081345416,-169.68754341054142,224280.747910627
slab1,molC,nset94,164.13784339844477,16.967651203477857,177.81835714162315,224280.62292516
slab1,molC,nset95,-77.88041611240419,-2.4321377159259328,54.84091608576199,224280.9586127
slab1,molC,nset96,-143.58455739341815,-143.616255012406,70.67441840341604,224280.825230329
slab1,molC,nset97,17.75489441583116,44.24759355881616,-55.71105531992663,224280.757905125
slab1,molC,nset98,134.08288744097007,16.973595313470838,-150.63477866502615,224280.699918295
slab1,molC,nset99,-93.42777677206283,-17.013094666256904,-157.35478447070193,224280.819136635
slab1,molC,nset100,144.76104258157545,148.84898206990357,-116.54138160518414,224280.958280703
